2025-06-10 23:36:16 startup archives unpack
2025-06-10 23:36:16 install netbase:all <none> 6.4
2025-06-10 23:36:16 status half-installed netbase:all 6.4
2025-06-10 23:36:16 status unpacked netbase:all 6.4
2025-06-10 23:36:16 install readline-common:all <none> 8.2-1.3
2025-06-10 23:36:16 status half-installed readline-common:all 8.2-1.3
2025-06-10 23:36:16 status unpacked readline-common:all 8.2-1.3
2025-06-10 23:36:16 install libssl3:amd64 <none> 3.0.16-1~deb12u1
2025-06-10 23:36:16 status triggers-pending libc-bin:amd64 2.36-9+deb12u10
2025-06-10 23:36:16 status half-installed libssl3:amd64 3.0.16-1~deb12u1
2025-06-10 23:36:16 status unpacked libssl3:amd64 3.0.16-1~deb12u1
2025-06-10 23:36:16 install openssl:amd64 <none> 3.0.16-1~deb12u1
2025-06-10 23:36:16 status half-installed openssl:amd64 3.0.16-1~deb12u1
2025-06-10 23:36:16 status unpacked openssl:amd64 3.0.16-1~deb12u1
2025-06-10 23:36:16 install ca-certificates:all <none> 20230311
2025-06-10 23:36:16 status half-installed ca-certificates:all 20230311
2025-06-10 23:36:16 status unpacked ca-certificates:all 20230311
2025-06-10 23:36:16 install libpsl5:amd64 <none> 0.21.2-1
2025-06-10 23:36:16 status half-installed libpsl5:amd64 0.21.2-1
2025-06-10 23:36:16 status unpacked libpsl5:amd64 0.21.2-1
2025-06-10 23:36:16 install wget:amd64 <none> 1.21.3-1+deb12u1
2025-06-10 23:36:16 status half-installed wget:amd64 1.21.3-1+deb12u1
2025-06-10 23:36:16 status unpacked wget:amd64 1.21.3-1+deb12u1
2025-06-10 23:36:16 install libbrotli1:amd64 <none> 1.0.9-2+b6
2025-06-10 23:36:16 status half-installed libbrotli1:amd64 1.0.9-2+b6
2025-06-10 23:36:17 status unpacked libbrotli1:amd64 1.0.9-2+b6
2025-06-10 23:36:17 install libkrb5support0:amd64 <none> 1.20.1-2+deb12u3
2025-06-10 23:36:17 status half-installed libkrb5support0:amd64 1.20.1-2+deb12u3
2025-06-10 23:36:17 status unpacked libkrb5support0:amd64 1.20.1-2+deb12u3
2025-06-10 23:36:17 install libk5crypto3:amd64 <none> 1.20.1-2+deb12u3
2025-06-10 23:36:17 status half-installed libk5crypto3:amd64 1.20.1-2+deb12u3
2025-06-10 23:36:17 status unpacked libk5crypto3:amd64 1.20.1-2+deb12u3
2025-06-10 23:36:17 install libkeyutils1:amd64 <none> 1.6.3-2
2025-06-10 23:36:17 status half-installed libkeyutils1:amd64 1.6.3-2
2025-06-10 23:36:17 status unpacked libkeyutils1:amd64 1.6.3-2
2025-06-10 23:36:17 install libkrb5-3:amd64 <none> 1.20.1-2+deb12u3
2025-06-10 23:36:17 status half-installed libkrb5-3:amd64 1.20.1-2+deb12u3
2025-06-10 23:36:17 status unpacked libkrb5-3:amd64 1.20.1-2+deb12u3
2025-06-10 23:36:17 install libgssapi-krb5-2:amd64 <none> 1.20.1-2+deb12u3
2025-06-10 23:36:17 status half-installed libgssapi-krb5-2:amd64 1.20.1-2+deb12u3
2025-06-10 23:36:17 status unpacked libgssapi-krb5-2:amd64 1.20.1-2+deb12u3
2025-06-10 23:36:17 install libsasl2-modules-db:amd64 <none> 2.1.28+dfsg-10
2025-06-10 23:36:17 status half-installed libsasl2-modules-db:amd64 2.1.28+dfsg-10
2025-06-10 23:36:17 status unpacked libsasl2-modules-db:amd64 2.1.28+dfsg-10
2025-06-10 23:36:17 install libsasl2-2:amd64 <none> 2.1.28+dfsg-10
2025-06-10 23:36:17 status half-installed libsasl2-2:amd64 2.1.28+dfsg-10
2025-06-10 23:36:17 status unpacked libsasl2-2:amd64 2.1.28+dfsg-10
2025-06-10 23:36:17 install libldap-2.5-0:amd64 <none> 2.5.13+dfsg-5
2025-06-10 23:36:17 status half-installed libldap-2.5-0:amd64 2.5.13+dfsg-5
2025-06-10 23:36:17 status unpacked libldap-2.5-0:amd64 2.5.13+dfsg-5
2025-06-10 23:36:17 install libnghttp2-14:amd64 <none> 1.52.0-1+deb12u2
2025-06-10 23:36:17 status half-installed libnghttp2-14:amd64 1.52.0-1+deb12u2
2025-06-10 23:36:17 status unpacked libnghttp2-14:amd64 1.52.0-1+deb12u2
2025-06-10 23:36:17 install librtmp1:amd64 <none> 2.4+20151223.gitfa8646d.1-2+b2
2025-06-10 23:36:17 status half-installed librtmp1:amd64 2.4+20151223.gitfa8646d.1-2+b2
2025-06-10 23:36:17 status unpacked librtmp1:amd64 2.4+20151223.gitfa8646d.1-2+b2
2025-06-10 23:36:17 install libssh2-1:amd64 <none> 1.10.0-3+b1
2025-06-10 23:36:17 status half-installed libssh2-1:amd64 1.10.0-3+b1
2025-06-10 23:36:17 status unpacked libssh2-1:amd64 1.10.0-3+b1
2025-06-10 23:36:17 install libcurl4:amd64 <none> 7.88.1-10+deb12u12
2025-06-10 23:36:17 status half-installed libcurl4:amd64 7.88.1-10+deb12u12
2025-06-10 23:36:17 status unpacked libcurl4:amd64 7.88.1-10+deb12u12
2025-06-10 23:36:17 install curl:amd64 <none> 7.88.1-10+deb12u12
2025-06-10 23:36:17 status half-installed curl:amd64 7.88.1-10+deb12u12
2025-06-10 23:36:17 status unpacked curl:amd64 7.88.1-10+deb12u12
2025-06-10 23:36:17 install libassuan0:amd64 <none> 2.5.5-5
2025-06-10 23:36:17 status half-installed libassuan0:amd64 2.5.5-5
2025-06-10 23:36:17 status unpacked libassuan0:amd64 2.5.5-5
2025-06-10 23:36:17 install libreadline8:amd64 <none> 8.2-1.3
2025-06-10 23:36:17 status half-installed libreadline8:amd64 8.2-1.3
2025-06-10 23:36:17 status unpacked libreadline8:amd64 8.2-1.3
2025-06-10 23:36:17 install gpgconf:amd64 <none> 2.2.40-1.1
2025-06-10 23:36:17 status half-installed gpgconf:amd64 2.2.40-1.1
2025-06-10 23:36:17 status unpacked gpgconf:amd64 2.2.40-1.1
2025-06-10 23:36:17 install libksba8:amd64 <none> 1.6.3-2
2025-06-10 23:36:17 status half-installed libksba8:amd64 1.6.3-2
2025-06-10 23:36:17 status unpacked libksba8:amd64 1.6.3-2
2025-06-10 23:36:17 install libnpth0:amd64 <none> 1.6-3
2025-06-10 23:36:17 status half-installed libnpth0:amd64 1.6-3
2025-06-10 23:36:17 status unpacked libnpth0:amd64 1.6-3
2025-06-10 23:36:17 install dirmngr:amd64 <none> 2.2.40-1.1
2025-06-10 23:36:17 status half-installed dirmngr:amd64 2.2.40-1.1
2025-06-10 23:36:17 status unpacked dirmngr:amd64 2.2.40-1.1
2025-06-10 23:36:17 install gnupg-l10n:all <none> 2.2.40-1.1
2025-06-10 23:36:17 status half-installed gnupg-l10n:all 2.2.40-1.1
2025-06-10 23:36:17 status unpacked gnupg-l10n:all 2.2.40-1.1
2025-06-10 23:36:17 install gnupg-utils:amd64 <none> 2.2.40-1.1
2025-06-10 23:36:17 status half-installed gnupg-utils:amd64 2.2.40-1.1
2025-06-10 23:36:17 status unpacked gnupg-utils:amd64 2.2.40-1.1
2025-06-10 23:36:17 install libsqlite3-0:amd64 <none> 3.40.1-2+deb12u1
2025-06-10 23:36:17 status half-installed libsqlite3-0:amd64 3.40.1-2+deb12u1
2025-06-10 23:36:17 status unpacked libsqlite3-0:amd64 3.40.1-2+deb12u1
2025-06-10 23:36:17 install gpg:amd64 <none> 2.2.40-1.1
2025-06-10 23:36:17 status half-installed gpg:amd64 2.2.40-1.1
2025-06-10 23:36:17 status unpacked gpg:amd64 2.2.40-1.1
2025-06-10 23:36:17 install libncursesw6:amd64 <none> 6.4-4
2025-06-10 23:36:17 status half-installed libncursesw6:amd64 6.4-4
2025-06-10 23:36:17 status unpacked libncursesw6:amd64 6.4-4
2025-06-10 23:36:17 install pinentry-curses:amd64 <none> 1.2.1-1
2025-06-10 23:36:17 status half-installed pinentry-curses:amd64 1.2.1-1
2025-06-10 23:36:17 status unpacked pinentry-curses:amd64 1.2.1-1
2025-06-10 23:36:17 install gpg-agent:amd64 <none> 2.2.40-1.1
2025-06-10 23:36:17 status half-installed gpg-agent:amd64 2.2.40-1.1
2025-06-10 23:36:17 status unpacked gpg-agent:amd64 2.2.40-1.1
2025-06-10 23:36:17 install gpg-wks-client:amd64 <none> 2.2.40-1.1
2025-06-10 23:36:17 status half-installed gpg-wks-client:amd64 2.2.40-1.1
2025-06-10 23:36:17 status unpacked gpg-wks-client:amd64 2.2.40-1.1
2025-06-10 23:36:17 install gpg-wks-server:amd64 <none> 2.2.40-1.1
2025-06-10 23:36:17 status half-installed gpg-wks-server:amd64 2.2.40-1.1
2025-06-10 23:36:17 status unpacked gpg-wks-server:amd64 2.2.40-1.1
2025-06-10 23:36:17 install gpgsm:amd64 <none> 2.2.40-1.1
2025-06-10 23:36:17 status half-installed gpgsm:amd64 2.2.40-1.1
2025-06-10 23:36:17 status unpacked gpgsm:amd64 2.2.40-1.1
2025-06-10 23:36:17 install gnupg:all <none> 2.2.40-1.1
2025-06-10 23:36:17 status half-installed gnupg:all 2.2.40-1.1
2025-06-10 23:36:17 status unpacked gnupg:all 2.2.40-1.1
2025-06-10 23:36:17 install sq:amd64 <none> 0.27.0-2+b1
2025-06-10 23:36:17 status half-installed sq:amd64 0.27.0-2+b1
2025-06-10 23:36:18 status unpacked sq:amd64 0.27.0-2+b1
2025-06-10 23:36:18 startup packages configure
2025-06-10 23:36:18 configure libksba8:amd64 1.6.3-2 <none>
2025-06-10 23:36:18 status unpacked libksba8:amd64 1.6.3-2
2025-06-10 23:36:18 status half-configured libksba8:amd64 1.6.3-2
2025-06-10 23:36:18 status installed libksba8:amd64 1.6.3-2
2025-06-10 23:36:18 configure libkeyutils1:amd64 1.6.3-2 <none>
2025-06-10 23:36:18 status unpacked libkeyutils1:amd64 1.6.3-2
2025-06-10 23:36:18 status half-configured libkeyutils1:amd64 1.6.3-2
2025-06-10 23:36:18 status installed libkeyutils1:amd64 1.6.3-2
2025-06-10 23:36:18 configure libpsl5:amd64 0.21.2-1 <none>
2025-06-10 23:36:18 status unpacked libpsl5:amd64 0.21.2-1
2025-06-10 23:36:18 status half-configured libpsl5:amd64 0.21.2-1
2025-06-10 23:36:18 status installed libpsl5:amd64 0.21.2-1
2025-06-10 23:36:18 configure wget:amd64 1.21.3-1+deb12u1 <none>
2025-06-10 23:36:18 status unpacked wget:amd64 1.21.3-1+deb12u1
2025-06-10 23:36:18 status half-configured wget:amd64 1.21.3-1+deb12u1
2025-06-10 23:36:18 status installed wget:amd64 1.21.3-1+deb12u1
2025-06-10 23:36:18 configure libbrotli1:amd64 1.0.9-2+b6 <none>
2025-06-10 23:36:18 status unpacked libbrotli1:amd64 1.0.9-2+b6
2025-06-10 23:36:18 status half-configured libbrotli1:amd64 1.0.9-2+b6
2025-06-10 23:36:18 status installed libbrotli1:amd64 1.0.9-2+b6
2025-06-10 23:36:18 configure libsqlite3-0:amd64 3.40.1-2+deb12u1 <none>
2025-06-10 23:36:18 status unpacked libsqlite3-0:amd64 3.40.1-2+deb12u1
2025-06-10 23:36:18 status half-configured libsqlite3-0:amd64 3.40.1-2+deb12u1
2025-06-10 23:36:18 status installed libsqlite3-0:amd64 3.40.1-2+deb12u1
2025-06-10 23:36:18 configure libssl3:amd64 3.0.16-1~deb12u1 <none>
2025-06-10 23:36:18 status unpacked libssl3:amd64 3.0.16-1~deb12u1
2025-06-10 23:36:18 status half-configured libssl3:amd64 3.0.16-1~deb12u1
2025-06-10 23:36:18 status installed libssl3:amd64 3.0.16-1~deb12u1
2025-06-10 23:36:18 configure libnghttp2-14:amd64 1.52.0-1+deb12u2 <none>
2025-06-10 23:36:18 status unpacked libnghttp2-14:amd64 1.52.0-1+deb12u2
2025-06-10 23:36:18 status half-configured libnghttp2-14:amd64 1.52.0-1+deb12u2
2025-06-10 23:36:18 status installed libnghttp2-14:amd64 1.52.0-1+deb12u2
2025-06-10 23:36:18 configure libnpth0:amd64 1.6-3 <none>
2025-06-10 23:36:18 status unpacked libnpth0:amd64 1.6-3
2025-06-10 23:36:18 status half-configured libnpth0:amd64 1.6-3
2025-06-10 23:36:18 status installed libnpth0:amd64 1.6-3
2025-06-10 23:36:18 configure sq:amd64 0.27.0-2+b1 <none>
2025-06-10 23:36:18 status unpacked sq:amd64 0.27.0-2+b1
2025-06-10 23:36:18 status half-configured sq:amd64 0.27.0-2+b1
2025-06-10 23:36:18 status installed sq:amd64 0.27.0-2+b1
2025-06-10 23:36:18 configure libassuan0:amd64 2.5.5-5 <none>
2025-06-10 23:36:18 status unpacked libassuan0:amd64 2.5.5-5
2025-06-10 23:36:18 status half-configured libassuan0:amd64 2.5.5-5
2025-06-10 23:36:18 status installed libassuan0:amd64 2.5.5-5
2025-06-10 23:36:18 configure libkrb5support0:amd64 1.20.1-2+deb12u3 <none>
2025-06-10 23:36:18 status unpacked libkrb5support0:amd64 1.20.1-2+deb12u3
2025-06-10 23:36:18 status half-configured libkrb5support0:amd64 1.20.1-2+deb12u3
2025-06-10 23:36:18 status installed libkrb5support0:amd64 1.20.1-2+deb12u3
2025-06-10 23:36:18 configure libsasl2-modules-db:amd64 2.1.28+dfsg-10 <none>
2025-06-10 23:36:18 status unpacked libsasl2-modules-db:amd64 2.1.28+dfsg-10
2025-06-10 23:36:18 status half-configured libsasl2-modules-db:amd64 2.1.28+dfsg-10
2025-06-10 23:36:18 status installed libsasl2-modules-db:amd64 2.1.28+dfsg-10
2025-06-10 23:36:18 configure gnupg-l10n:all 2.2.40-1.1 <none>
2025-06-10 23:36:18 status unpacked gnupg-l10n:all 2.2.40-1.1
2025-06-10 23:36:18 status half-configured gnupg-l10n:all 2.2.40-1.1
2025-06-10 23:36:18 status installed gnupg-l10n:all 2.2.40-1.1
2025-06-10 23:36:18 configure librtmp1:amd64 2.4+20151223.gitfa8646d.1-2+b2 <none>
2025-06-10 23:36:18 status unpacked librtmp1:amd64 2.4+20151223.gitfa8646d.1-2+b2
2025-06-10 23:36:18 status half-configured librtmp1:amd64 2.4+20151223.gitfa8646d.1-2+b2
2025-06-10 23:36:18 status installed librtmp1:amd64 2.4+20151223.gitfa8646d.1-2+b2
2025-06-10 23:36:18 configure libncursesw6:amd64 6.4-4 <none>
2025-06-10 23:36:18 status unpacked libncursesw6:amd64 6.4-4
2025-06-10 23:36:18 status half-configured libncursesw6:amd64 6.4-4
2025-06-10 23:36:18 status installed libncursesw6:amd64 6.4-4
2025-06-10 23:36:18 configure libk5crypto3:amd64 1.20.1-2+deb12u3 <none>
2025-06-10 23:36:18 status unpacked libk5crypto3:amd64 1.20.1-2+deb12u3
2025-06-10 23:36:18 status half-configured libk5crypto3:amd64 1.20.1-2+deb12u3
2025-06-10 23:36:18 status installed libk5crypto3:amd64 1.20.1-2+deb12u3
2025-06-10 23:36:18 configure libsasl2-2:amd64 2.1.28+dfsg-10 <none>
2025-06-10 23:36:18 status unpacked libsasl2-2:amd64 2.1.28+dfsg-10
2025-06-10 23:36:18 status half-configured libsasl2-2:amd64 2.1.28+dfsg-10
2025-06-10 23:36:18 status installed libsasl2-2:amd64 2.1.28+dfsg-10
2025-06-10 23:36:18 configure libssh2-1:amd64 1.10.0-3+b1 <none>
2025-06-10 23:36:18 status unpacked libssh2-1:amd64 1.10.0-3+b1
2025-06-10 23:36:18 status half-configured libssh2-1:amd64 1.10.0-3+b1
2025-06-10 23:36:18 status installed libssh2-1:amd64 1.10.0-3+b1
2025-06-10 23:36:18 configure netbase:all 6.4 <none>
2025-06-10 23:36:18 status unpacked netbase:all 6.4
2025-06-10 23:36:18 status half-configured netbase:all 6.4
2025-06-10 23:36:18 status installed netbase:all 6.4
2025-06-10 23:36:18 configure libkrb5-3:amd64 1.20.1-2+deb12u3 <none>
2025-06-10 23:36:18 status unpacked libkrb5-3:amd64 1.20.1-2+deb12u3
2025-06-10 23:36:18 status half-configured libkrb5-3:amd64 1.20.1-2+deb12u3
2025-06-10 23:36:18 status installed libkrb5-3:amd64 1.20.1-2+deb12u3
2025-06-10 23:36:18 configure openssl:amd64 3.0.16-1~deb12u1 <none>
2025-06-10 23:36:18 status unpacked openssl:amd64 3.0.16-1~deb12u1
2025-06-10 23:36:18 status half-configured openssl:amd64 3.0.16-1~deb12u1
2025-06-10 23:36:18 status installed openssl:amd64 3.0.16-1~deb12u1
2025-06-10 23:36:18 configure readline-common:all 8.2-1.3 <none>
2025-06-10 23:36:18 status unpacked readline-common:all 8.2-1.3
2025-06-10 23:36:18 status half-configured readline-common:all 8.2-1.3
2025-06-10 23:36:18 status installed readline-common:all 8.2-1.3
2025-06-10 23:36:18 configure pinentry-curses:amd64 1.2.1-1 <none>
2025-06-10 23:36:18 status unpacked pinentry-curses:amd64 1.2.1-1
2025-06-10 23:36:18 status half-configured pinentry-curses:amd64 1.2.1-1
2025-06-10 23:36:18 status installed pinentry-curses:amd64 1.2.1-1
2025-06-10 23:36:18 configure libreadline8:amd64 8.2-1.3 <none>
2025-06-10 23:36:18 status unpacked libreadline8:amd64 8.2-1.3
2025-06-10 23:36:18 status half-configured libreadline8:amd64 8.2-1.3
2025-06-10 23:36:18 status installed libreadline8:amd64 8.2-1.3
2025-06-10 23:36:18 configure libldap-2.5-0:amd64 2.5.13+dfsg-5 <none>
2025-06-10 23:36:18 status unpacked libldap-2.5-0:amd64 2.5.13+dfsg-5
2025-06-10 23:36:18 status half-configured libldap-2.5-0:amd64 2.5.13+dfsg-5
2025-06-10 23:36:18 status installed libldap-2.5-0:amd64 2.5.13+dfsg-5
2025-06-10 23:36:18 configure ca-certificates:all 20230311 <none>
2025-06-10 23:36:18 status unpacked ca-certificates:all 20230311
2025-06-10 23:36:18 status half-configured ca-certificates:all 20230311
2025-06-10 23:36:19 status installed ca-certificates:all 20230311
2025-06-10 23:36:19 status triggers-pending ca-certificates:all 20230311
2025-06-10 23:36:19 configure libgssapi-krb5-2:amd64 1.20.1-2+deb12u3 <none>
2025-06-10 23:36:19 status unpacked libgssapi-krb5-2:amd64 1.20.1-2+deb12u3
2025-06-10 23:36:19 status half-configured libgssapi-krb5-2:amd64 1.20.1-2+deb12u3
2025-06-10 23:36:19 status installed libgssapi-krb5-2:amd64 1.20.1-2+deb12u3
2025-06-10 23:36:19 configure gpgconf:amd64 2.2.40-1.1 <none>
2025-06-10 23:36:19 status unpacked gpgconf:amd64 2.2.40-1.1
2025-06-10 23:36:19 status half-configured gpgconf:amd64 2.2.40-1.1
2025-06-10 23:36:19 status installed gpgconf:amd64 2.2.40-1.1
2025-06-10 23:36:19 configure libcurl4:amd64 7.88.1-10+deb12u12 <none>
2025-06-10 23:36:19 status unpacked libcurl4:amd64 7.88.1-10+deb12u12
2025-06-10 23:36:19 status half-configured libcurl4:amd64 7.88.1-10+deb12u12
2025-06-10 23:36:19 status installed libcurl4:amd64 7.88.1-10+deb12u12
2025-06-10 23:36:19 configure curl:amd64 7.88.1-10+deb12u12 <none>
2025-06-10 23:36:19 status unpacked curl:amd64 7.88.1-10+deb12u12
2025-06-10 23:36:19 status half-configured curl:amd64 7.88.1-10+deb12u12
2025-06-10 23:36:19 status installed curl:amd64 7.88.1-10+deb12u12
2025-06-10 23:36:19 configure gpg:amd64 2.2.40-1.1 <none>
2025-06-10 23:36:19 status unpacked gpg:amd64 2.2.40-1.1
2025-06-10 23:36:19 status half-configured gpg:amd64 2.2.40-1.1
2025-06-10 23:36:19 status installed gpg:amd64 2.2.40-1.1
2025-06-10 23:36:19 configure gnupg-utils:amd64 2.2.40-1.1 <none>
2025-06-10 23:36:19 status unpacked gnupg-utils:amd64 2.2.40-1.1
2025-06-10 23:36:19 status half-configured gnupg-utils:amd64 2.2.40-1.1
2025-06-10 23:36:19 status installed gnupg-utils:amd64 2.2.40-1.1
2025-06-10 23:36:19 configure gpg-agent:amd64 2.2.40-1.1 <none>
2025-06-10 23:36:19 status unpacked gpg-agent:amd64 2.2.40-1.1
2025-06-10 23:36:19 status half-configured gpg-agent:amd64 2.2.40-1.1
2025-06-10 23:36:19 status installed gpg-agent:amd64 2.2.40-1.1
2025-06-10 23:36:19 configure gpgsm:amd64 2.2.40-1.1 <none>
2025-06-10 23:36:19 status unpacked gpgsm:amd64 2.2.40-1.1
2025-06-10 23:36:19 status half-configured gpgsm:amd64 2.2.40-1.1
2025-06-10 23:36:19 status installed gpgsm:amd64 2.2.40-1.1
2025-06-10 23:36:19 configure dirmngr:amd64 2.2.40-1.1 <none>
2025-06-10 23:36:19 status unpacked dirmngr:amd64 2.2.40-1.1
2025-06-10 23:36:19 status half-configured dirmngr:amd64 2.2.40-1.1
2025-06-10 23:36:19 status installed dirmngr:amd64 2.2.40-1.1
2025-06-10 23:36:19 configure gpg-wks-server:amd64 2.2.40-1.1 <none>
2025-06-10 23:36:19 status unpacked gpg-wks-server:amd64 2.2.40-1.1
2025-06-10 23:36:19 status half-configured gpg-wks-server:amd64 2.2.40-1.1
2025-06-10 23:36:19 status installed gpg-wks-server:amd64 2.2.40-1.1
2025-06-10 23:36:19 configure gpg-wks-client:amd64 2.2.40-1.1 <none>
2025-06-10 23:36:19 status unpacked gpg-wks-client:amd64 2.2.40-1.1
2025-06-10 23:36:19 status half-configured gpg-wks-client:amd64 2.2.40-1.1
2025-06-10 23:36:19 status installed gpg-wks-client:amd64 2.2.40-1.1
2025-06-10 23:36:19 configure gnupg:all 2.2.40-1.1 <none>
2025-06-10 23:36:19 status unpacked gnupg:all 2.2.40-1.1
2025-06-10 23:36:19 status half-configured gnupg:all 2.2.40-1.1
2025-06-10 23:36:19 status installed gnupg:all 2.2.40-1.1
2025-06-10 23:36:19 trigproc libc-bin:amd64 2.36-9+deb12u10 <none>
2025-06-10 23:36:19 status half-configured libc-bin:amd64 2.36-9+deb12u10
2025-06-10 23:36:19 status installed libc-bin:amd64 2.36-9+deb12u10
2025-06-10 23:36:19 trigproc ca-certificates:all 20230311 <none>
2025-06-10 23:36:19 status half-configured ca-certificates:all 20230311
2025-06-10 23:36:20 status installed ca-certificates:all 20230311
2025-06-11 00:01:12 startup archives unpack
2025-06-11 00:01:12 install perl-modules-5.36:all <none> 5.36.0-7+deb12u2
2025-06-11 00:01:12 status half-installed perl-modules-5.36:all 5.36.0-7+deb12u2
2025-06-11 00:01:12 status unpacked perl-modules-5.36:all 5.36.0-7+deb12u2
2025-06-11 00:01:12 install libgdbm6:amd64 <none> 1.23-3
2025-06-11 00:01:12 status triggers-pending libc-bin:amd64 2.36-9+deb12u10
2025-06-11 00:01:12 status half-installed libgdbm6:amd64 1.23-3
2025-06-11 00:01:12 status unpacked libgdbm6:amd64 1.23-3
2025-06-11 00:01:12 install libgdbm-compat4:amd64 <none> 1.23-3
2025-06-11 00:01:12 status half-installed libgdbm-compat4:amd64 1.23-3
2025-06-11 00:01:12 status unpacked libgdbm-compat4:amd64 1.23-3
2025-06-11 00:01:12 install libperl5.36:amd64 <none> 5.36.0-7+deb12u2
2025-06-11 00:01:12 status half-installed libperl5.36:amd64 5.36.0-7+deb12u2
2025-06-11 00:01:13 status unpacked libperl5.36:amd64 5.36.0-7+deb12u2
2025-06-11 00:01:13 install perl:amd64 <none> 5.36.0-7+deb12u2
2025-06-11 00:01:13 status half-installed perl:amd64 5.36.0-7+deb12u2
2025-06-11 00:01:13 status unpacked perl:amd64 5.36.0-7+deb12u2
2025-06-11 00:01:13 install libpython3.11-minimal:amd64 <none> 3.11.2-6+deb12u6
2025-06-11 00:01:13 status half-installed libpython3.11-minimal:amd64 3.11.2-6+deb12u6
2025-06-11 00:01:13 status unpacked libpython3.11-minimal:amd64 3.11.2-6+deb12u6
2025-06-11 00:01:13 install libexpat1:amd64 <none> 2.5.0-1+deb12u1
2025-06-11 00:01:13 status half-installed libexpat1:amd64 2.5.0-1+deb12u1
2025-06-11 00:01:13 status unpacked libexpat1:amd64 2.5.0-1+deb12u1
2025-06-11 00:01:13 install python3.11-minimal:amd64 <none> 3.11.2-6+deb12u6
2025-06-11 00:01:13 status half-installed python3.11-minimal:amd64 3.11.2-6+deb12u6
2025-06-11 00:01:13 status unpacked python3.11-minimal:amd64 3.11.2-6+deb12u6
2025-06-11 00:01:13 startup packages configure
2025-06-11 00:01:13 configure libpython3.11-minimal:amd64 3.11.2-6+deb12u6 <none>
2025-06-11 00:01:13 status unpacked libpython3.11-minimal:amd64 3.11.2-6+deb12u6
2025-06-11 00:01:13 status half-configured libpython3.11-minimal:amd64 3.11.2-6+deb12u6
2025-06-11 00:01:13 status installed libpython3.11-minimal:amd64 3.11.2-6+deb12u6
2025-06-11 00:01:13 configure libexpat1:amd64 2.5.0-1+deb12u1 <none>
2025-06-11 00:01:13 status unpacked libexpat1:amd64 2.5.0-1+deb12u1
2025-06-11 00:01:13 status half-configured libexpat1:amd64 2.5.0-1+deb12u1
2025-06-11 00:01:13 status installed libexpat1:amd64 2.5.0-1+deb12u1
2025-06-11 00:01:13 configure python3.11-minimal:amd64 3.11.2-6+deb12u6 <none>
2025-06-11 00:01:13 status unpacked python3.11-minimal:amd64 3.11.2-6+deb12u6
2025-06-11 00:01:13 status half-configured python3.11-minimal:amd64 3.11.2-6+deb12u6
2025-06-11 00:01:13 status installed python3.11-minimal:amd64 3.11.2-6+deb12u6
2025-06-11 00:01:13 startup archives unpack
2025-06-11 00:01:13 install python3-minimal:amd64 <none> 3.11.2-1+b1
2025-06-11 00:01:13 status half-installed python3-minimal:amd64 3.11.2-1+b1
2025-06-11 00:01:13 status unpacked python3-minimal:amd64 3.11.2-1+b1
2025-06-11 00:01:13 install media-types:all <none> 10.0.0
2025-06-11 00:01:13 status half-installed media-types:all 10.0.0
2025-06-11 00:01:13 status unpacked media-types:all 10.0.0
2025-06-11 00:01:13 install libtirpc-common:all <none> 1.3.3+ds-1
2025-06-11 00:01:13 status half-installed libtirpc-common:all 1.3.3+ds-1
2025-06-11 00:01:13 status unpacked libtirpc-common:all 1.3.3+ds-1
2025-06-11 00:01:13 install libtirpc3:amd64 <none> 1.3.3+ds-1
2025-06-11 00:01:13 status half-installed libtirpc3:amd64 1.3.3+ds-1
2025-06-11 00:01:13 status unpacked libtirpc3:amd64 1.3.3+ds-1
2025-06-11 00:01:13 install libnsl2:amd64 <none> 1.3.0-2
2025-06-11 00:01:13 status half-installed libnsl2:amd64 1.3.0-2
2025-06-11 00:01:13 status unpacked libnsl2:amd64 1.3.0-2
2025-06-11 00:01:13 install libpython3.11-stdlib:amd64 <none> 3.11.2-6+deb12u6
2025-06-11 00:01:13 status half-installed libpython3.11-stdlib:amd64 3.11.2-6+deb12u6
2025-06-11 00:01:14 status unpacked libpython3.11-stdlib:amd64 3.11.2-6+deb12u6
2025-06-11 00:01:14 install python3.11:amd64 <none> 3.11.2-6+deb12u6
2025-06-11 00:01:14 status half-installed python3.11:amd64 3.11.2-6+deb12u6
2025-06-11 00:01:14 status unpacked python3.11:amd64 3.11.2-6+deb12u6
2025-06-11 00:01:14 install libpython3-stdlib:amd64 <none> 3.11.2-1+b1
2025-06-11 00:01:14 status half-installed libpython3-stdlib:amd64 3.11.2-1+b1
2025-06-11 00:01:14 status unpacked libpython3-stdlib:amd64 3.11.2-1+b1
2025-06-11 00:01:14 startup packages configure
2025-06-11 00:01:14 configure python3-minimal:amd64 3.11.2-1+b1 <none>
2025-06-11 00:01:14 status unpacked python3-minimal:amd64 3.11.2-1+b1
2025-06-11 00:01:14 status half-configured python3-minimal:amd64 3.11.2-1+b1
2025-06-11 00:01:14 status installed python3-minimal:amd64 3.11.2-1+b1
2025-06-11 00:01:14 startup archives unpack
2025-06-11 00:01:14 install python3:amd64 <none> 3.11.2-1+b1
2025-06-11 00:01:14 status half-installed python3:amd64 3.11.2-1+b1
2025-06-11 00:01:14 status unpacked python3:amd64 3.11.2-1+b1
2025-06-11 00:01:14 install libproc2-0:amd64 <none> 2:4.0.2-3
2025-06-11 00:01:14 status half-installed libproc2-0:amd64 2:4.0.2-3
2025-06-11 00:01:14 status unpacked libproc2-0:amd64 2:4.0.2-3
2025-06-11 00:01:14 install procps:amd64 <none> 2:4.0.2-3
2025-06-11 00:01:14 status half-installed procps:amd64 2:4.0.2-3
2025-06-11 00:01:14 status unpacked procps:amd64 2:4.0.2-3
2025-06-11 00:01:14 install sensible-utils:all <none> 0.0.17+nmu1
2025-06-11 00:01:14 status half-installed sensible-utils:all 0.0.17+nmu1
2025-06-11 00:01:14 status unpacked sensible-utils:all 0.0.17+nmu1
2025-06-11 00:01:14 install libbsd0:amd64 <none> 0.11.7-2
2025-06-11 00:01:14 status half-installed libbsd0:amd64 0.11.7-2
2025-06-11 00:01:14 status unpacked libbsd0:amd64 0.11.7-2
2025-06-11 00:01:14 install libedit2:amd64 <none> 3.1-20221030-2
2025-06-11 00:01:14 status half-installed libedit2:amd64 3.1-20221030-2
2025-06-11 00:01:14 status unpacked libedit2:amd64 3.1-20221030-2
2025-06-11 00:01:14 install libcbor0.8:amd64 <none> 0.8.0-2+b1
2025-06-11 00:01:14 status half-installed libcbor0.8:amd64 0.8.0-2+b1
2025-06-11 00:01:14 status unpacked libcbor0.8:amd64 0.8.0-2+b1
2025-06-11 00:01:14 install libfido2-1:amd64 <none> 1.12.0-2+b1
2025-06-11 00:01:14 status half-installed libfido2-1:amd64 1.12.0-2+b1
2025-06-11 00:01:14 status unpacked libfido2-1:amd64 1.12.0-2+b1
2025-06-11 00:01:14 install openssh-client:amd64 <none> 1:9.2p1-2+deb12u6
2025-06-11 00:01:14 status half-installed openssh-client:amd64 1:9.2p1-2+deb12u6
2025-06-11 00:01:14 status unpacked openssh-client:amd64 1:9.2p1-2+deb12u6
2025-06-11 00:01:14 install ucf:all <none> 3.0043+nmu1+deb12u1
2025-06-11 00:01:14 status half-installed ucf:all 3.0043+nmu1+deb12u1
2025-06-11 00:01:14 status unpacked ucf:all 3.0043+nmu1+deb12u1
2025-06-11 00:01:14 install libcurl3-gnutls:amd64 <none> 7.88.1-10+deb12u12
2025-06-11 00:01:14 status half-installed libcurl3-gnutls:amd64 7.88.1-10+deb12u12
2025-06-11 00:01:14 status unpacked libcurl3-gnutls:amd64 7.88.1-10+deb12u12
2025-06-11 00:01:14 install liberror-perl:all <none> 0.17029-2
2025-06-11 00:01:14 status half-installed liberror-perl:all 0.17029-2
2025-06-11 00:01:14 status unpacked liberror-perl:all 0.17029-2
2025-06-11 00:01:14 install git-man:all <none> 1:2.39.5-0+deb12u2
2025-06-11 00:01:14 status half-installed git-man:all 1:2.39.5-0+deb12u2
2025-06-11 00:01:14 status unpacked git-man:all 1:2.39.5-0+deb12u2
2025-06-11 00:01:14 install git:amd64 <none> 1:2.39.5-0+deb12u2
2025-06-11 00:01:14 status half-installed git:amd64 1:2.39.5-0+deb12u2
2025-06-11 00:01:15 status unpacked git:amd64 1:2.39.5-0+deb12u2
2025-06-11 00:01:15 install libapr1:amd64 <none> 1.7.2-3+deb12u1
2025-06-11 00:01:15 status half-installed libapr1:amd64 1.7.2-3+deb12u1
2025-06-11 00:01:15 status unpacked libapr1:amd64 1.7.2-3+deb12u1
2025-06-11 00:01:15 install libaprutil1:amd64 <none> 1.6.3-1
2025-06-11 00:01:15 status half-installed libaprutil1:amd64 1.6.3-1
2025-06-11 00:01:15 status unpacked libaprutil1:amd64 1.6.3-1
2025-06-11 00:01:15 install libserf-1-1:amd64 <none> 1.3.9-11
2025-06-11 00:01:15 status half-installed libserf-1-1:amd64 1.3.9-11
2025-06-11 00:01:15 status unpacked libserf-1-1:amd64 1.3.9-11
2025-06-11 00:01:15 install libutf8proc2:amd64 <none> 2.8.0-1
2025-06-11 00:01:15 status half-installed libutf8proc2:amd64 2.8.0-1
2025-06-11 00:01:15 status unpacked libutf8proc2:amd64 2.8.0-1
2025-06-11 00:01:15 install libsvn1:amd64 <none> 1.14.2-4+deb12u1
2025-06-11 00:01:15 status half-installed libsvn1:amd64 1.14.2-4+deb12u1
2025-06-11 00:01:15 status unpacked libsvn1:amd64 1.14.2-4+deb12u1
2025-06-11 00:01:15 install mercurial-common:all <none> 6.3.2-1+deb12u1
2025-06-11 00:01:15 status half-installed mercurial-common:all 6.3.2-1+deb12u1
2025-06-11 00:01:15 status unpacked mercurial-common:all 6.3.2-1+deb12u1
2025-06-11 00:01:15 install mercurial:amd64 <none> 6.3.2-1+deb12u1
2025-06-11 00:01:15 status half-installed mercurial:amd64 6.3.2-1+deb12u1
2025-06-11 00:01:15 status unpacked mercurial:amd64 6.3.2-1+deb12u1
2025-06-11 00:01:15 install subversion:amd64 <none> 1.14.2-4+deb12u1
2025-06-11 00:01:15 status half-installed subversion:amd64 1.14.2-4+deb12u1
2025-06-11 00:01:15 status unpacked subversion:amd64 1.14.2-4+deb12u1
2025-06-11 00:01:15 startup packages configure
2025-06-11 00:01:15 configure media-types:all 10.0.0 <none>
2025-06-11 00:01:15 status unpacked media-types:all 10.0.0
2025-06-11 00:01:15 status half-configured media-types:all 10.0.0
2025-06-11 00:01:15 status installed media-types:all 10.0.0
2025-06-11 00:01:15 configure libtirpc-common:all 1.3.3+ds-1 <none>
2025-06-11 00:01:15 status unpacked libtirpc-common:all 1.3.3+ds-1
2025-06-11 00:01:15 status half-configured libtirpc-common:all 1.3.3+ds-1
2025-06-11 00:01:15 status installed libtirpc-common:all 1.3.3+ds-1
2025-06-11 00:01:15 configure libcbor0.8:amd64 0.8.0-2+b1 <none>
2025-06-11 00:01:15 status unpacked libcbor0.8:amd64 0.8.0-2+b1
2025-06-11 00:01:15 status half-configured libcbor0.8:amd64 0.8.0-2+b1
2025-06-11 00:01:15 status installed libcbor0.8:amd64 0.8.0-2+b1
2025-06-11 00:01:15 configure libutf8proc2:amd64 2.8.0-1 <none>
2025-06-11 00:01:15 status unpacked libutf8proc2:amd64 2.8.0-1
2025-06-11 00:01:15 status half-configured libutf8proc2:amd64 2.8.0-1
2025-06-11 00:01:15 status installed libutf8proc2:amd64 2.8.0-1
2025-06-11 00:01:15 configure libapr1:amd64 1.7.2-3+deb12u1 <none>
2025-06-11 00:01:15 status unpacked libapr1:amd64 1.7.2-3+deb12u1
2025-06-11 00:01:15 status half-configured libapr1:amd64 1.7.2-3+deb12u1
2025-06-11 00:01:15 status installed libapr1:amd64 1.7.2-3+deb12u1
2025-06-11 00:01:15 configure libcurl3-gnutls:amd64 7.88.1-10+deb12u12 <none>
2025-06-11 00:01:15 status unpacked libcurl3-gnutls:amd64 7.88.1-10+deb12u12
2025-06-11 00:01:15 status half-configured libcurl3-gnutls:amd64 7.88.1-10+deb12u12
2025-06-11 00:01:15 status installed libcurl3-gnutls:amd64 7.88.1-10+deb12u12
2025-06-11 00:01:15 configure perl-modules-5.36:all 5.36.0-7+deb12u2 <none>
2025-06-11 00:01:15 status unpacked perl-modules-5.36:all 5.36.0-7+deb12u2
2025-06-11 00:01:15 status half-configured perl-modules-5.36:all 5.36.0-7+deb12u2
2025-06-11 00:01:15 status installed perl-modules-5.36:all 5.36.0-7+deb12u2
2025-06-11 00:01:15 configure libproc2-0:amd64 2:4.0.2-3 <none>
2025-06-11 00:01:15 status unpacked libproc2-0:amd64 2:4.0.2-3
2025-06-11 00:01:15 status half-configured libproc2-0:amd64 2:4.0.2-3
2025-06-11 00:01:15 status installed libproc2-0:amd64 2:4.0.2-3
2025-06-11 00:01:15 configure sensible-utils:all 0.0.17+nmu1 <none>
2025-06-11 00:01:15 status unpacked sensible-utils:all 0.0.17+nmu1
2025-06-11 00:01:15 status half-configured sensible-utils:all 0.0.17+nmu1
2025-06-11 00:01:15 status installed sensible-utils:all 0.0.17+nmu1
2025-06-11 00:01:15 configure procps:amd64 2:4.0.2-3 <none>
2025-06-11 00:01:15 status unpacked procps:amd64 2:4.0.2-3
2025-06-11 00:01:15 status half-configured procps:amd64 2:4.0.2-3
2025-06-11 00:01:15 status installed procps:amd64 2:4.0.2-3
2025-06-11 00:01:15 configure git-man:all 1:2.39.5-0+deb12u2 <none>
2025-06-11 00:01:15 status unpacked git-man:all 1:2.39.5-0+deb12u2
2025-06-11 00:01:15 status half-configured git-man:all 1:2.39.5-0+deb12u2
2025-06-11 00:01:15 status installed git-man:all 1:2.39.5-0+deb12u2
2025-06-11 00:01:15 configure libfido2-1:amd64 1.12.0-2+b1 <none>
2025-06-11 00:01:15 status unpacked libfido2-1:amd64 1.12.0-2+b1
2025-06-11 00:01:15 status half-configured libfido2-1:amd64 1.12.0-2+b1
2025-06-11 00:01:15 status installed libfido2-1:amd64 1.12.0-2+b1
2025-06-11 00:01:15 configure libbsd0:amd64 0.11.7-2 <none>
2025-06-11 00:01:15 status unpacked libbsd0:amd64 0.11.7-2
2025-06-11 00:01:15 status half-configured libbsd0:amd64 0.11.7-2
2025-06-11 00:01:15 status installed libbsd0:amd64 0.11.7-2
2025-06-11 00:01:15 configure libgdbm6:amd64 1.23-3 <none>
2025-06-11 00:01:15 status unpacked libgdbm6:amd64 1.23-3
2025-06-11 00:01:15 status half-configured libgdbm6:amd64 1.23-3
2025-06-11 00:01:15 status installed libgdbm6:amd64 1.23-3
2025-06-11 00:01:15 configure libaprutil1:amd64 1.6.3-1 <none>
2025-06-11 00:01:15 status unpacked libaprutil1:amd64 1.6.3-1
2025-06-11 00:01:15 status half-configured libaprutil1:amd64 1.6.3-1
2025-06-11 00:01:15 status installed libaprutil1:amd64 1.6.3-1
2025-06-11 00:01:15 configure libtirpc3:amd64 1.3.3+ds-1 <none>
2025-06-11 00:01:15 status unpacked libtirpc3:amd64 1.3.3+ds-1
2025-06-11 00:01:15 status half-configured libtirpc3:amd64 1.3.3+ds-1
2025-06-11 00:01:15 status installed libtirpc3:amd64 1.3.3+ds-1
2025-06-11 00:01:15 configure libedit2:amd64 3.1-20221030-2 <none>
2025-06-11 00:01:15 status unpacked libedit2:amd64 3.1-20221030-2
2025-06-11 00:01:15 status half-configured libedit2:amd64 3.1-20221030-2
2025-06-11 00:01:15 status installed libedit2:amd64 3.1-20221030-2
2025-06-11 00:01:15 configure libserf-1-1:amd64 1.3.9-11 <none>
2025-06-11 00:01:15 status unpacked libserf-1-1:amd64 1.3.9-11
2025-06-11 00:01:15 status half-configured libserf-1-1:amd64 1.3.9-11
2025-06-11 00:01:15 status installed libserf-1-1:amd64 1.3.9-11
2025-06-11 00:01:15 configure libgdbm-compat4:amd64 1.23-3 <none>
2025-06-11 00:01:15 status unpacked libgdbm-compat4:amd64 1.23-3
2025-06-11 00:01:15 status half-configured libgdbm-compat4:amd64 1.23-3
2025-06-11 00:01:15 status installed libgdbm-compat4:amd64 1.23-3
2025-06-11 00:01:15 configure ucf:all 3.0043+nmu1+deb12u1 <none>
2025-06-11 00:01:15 status unpacked ucf:all 3.0043+nmu1+deb12u1
2025-06-11 00:01:15 status half-configured ucf:all 3.0043+nmu1+deb12u1
2025-06-11 00:01:15 status installed ucf:all 3.0043+nmu1+deb12u1
2025-06-11 00:01:15 configure libnsl2:amd64 1.3.0-2 <none>
2025-06-11 00:01:15 status unpacked libnsl2:amd64 1.3.0-2
2025-06-11 00:01:15 status half-configured libnsl2:amd64 1.3.0-2
2025-06-11 00:01:15 status installed libnsl2:amd64 1.3.0-2
2025-06-11 00:01:15 configure libsvn1:amd64 1.14.2-4+deb12u1 <none>
2025-06-11 00:01:15 status unpacked libsvn1:amd64 1.14.2-4+deb12u1
2025-06-11 00:01:15 status half-configured libsvn1:amd64 1.14.2-4+deb12u1
2025-06-11 00:01:15 status installed libsvn1:amd64 1.14.2-4+deb12u1
2025-06-11 00:01:15 configure libperl5.36:amd64 5.36.0-7+deb12u2 <none>
2025-06-11 00:01:15 status unpacked libperl5.36:amd64 5.36.0-7+deb12u2
2025-06-11 00:01:15 status half-configured libperl5.36:amd64 5.36.0-7+deb12u2
2025-06-11 00:01:15 status installed libperl5.36:amd64 5.36.0-7+deb12u2
2025-06-11 00:01:15 configure openssh-client:amd64 1:9.2p1-2+deb12u6 <none>
2025-06-11 00:01:15 status unpacked openssh-client:amd64 1:9.2p1-2+deb12u6
2025-06-11 00:01:15 status half-configured openssh-client:amd64 1:9.2p1-2+deb12u6
2025-06-11 00:01:15 status installed openssh-client:amd64 1:9.2p1-2+deb12u6
2025-06-11 00:01:15 configure libpython3.11-stdlib:amd64 3.11.2-6+deb12u6 <none>
2025-06-11 00:01:15 status unpacked libpython3.11-stdlib:amd64 3.11.2-6+deb12u6
2025-06-11 00:01:15 status half-configured libpython3.11-stdlib:amd64 3.11.2-6+deb12u6
2025-06-11 00:01:15 status installed libpython3.11-stdlib:amd64 3.11.2-6+deb12u6
2025-06-11 00:01:15 configure subversion:amd64 1.14.2-4+deb12u1 <none>
2025-06-11 00:01:15 status unpacked subversion:amd64 1.14.2-4+deb12u1
2025-06-11 00:01:15 status half-configured subversion:amd64 1.14.2-4+deb12u1
2025-06-11 00:01:16 status installed subversion:amd64 1.14.2-4+deb12u1
2025-06-11 00:01:16 configure perl:amd64 5.36.0-7+deb12u2 <none>
2025-06-11 00:01:16 status unpacked perl:amd64 5.36.0-7+deb12u2
2025-06-11 00:01:16 status half-configured perl:amd64 5.36.0-7+deb12u2
2025-06-11 00:01:16 status installed perl:amd64 5.36.0-7+deb12u2
2025-06-11 00:01:16 configure libpython3-stdlib:amd64 3.11.2-1+b1 <none>
2025-06-11 00:01:16 status unpacked libpython3-stdlib:amd64 3.11.2-1+b1
2025-06-11 00:01:16 status half-configured libpython3-stdlib:amd64 3.11.2-1+b1
2025-06-11 00:01:16 status installed libpython3-stdlib:amd64 3.11.2-1+b1
2025-06-11 00:01:16 configure python3.11:amd64 3.11.2-6+deb12u6 <none>
2025-06-11 00:01:16 status unpacked python3.11:amd64 3.11.2-6+deb12u6
2025-06-11 00:01:16 status half-configured python3.11:amd64 3.11.2-6+deb12u6
2025-06-11 00:01:16 status installed python3.11:amd64 3.11.2-6+deb12u6
2025-06-11 00:01:16 configure python3:amd64 3.11.2-1+b1 <none>
2025-06-11 00:01:16 status unpacked python3:amd64 3.11.2-1+b1
2025-06-11 00:01:16 status half-configured python3:amd64 3.11.2-1+b1
2025-06-11 00:01:16 status installed python3:amd64 3.11.2-1+b1
2025-06-11 00:01:16 configure liberror-perl:all 0.17029-2 <none>
2025-06-11 00:01:16 status unpacked liberror-perl:all 0.17029-2
2025-06-11 00:01:16 status half-configured liberror-perl:all 0.17029-2
2025-06-11 00:01:16 status installed liberror-perl:all 0.17029-2
2025-06-11 00:01:16 configure git:amd64 1:2.39.5-0+deb12u2 <none>
2025-06-11 00:01:16 status unpacked git:amd64 1:2.39.5-0+deb12u2
2025-06-11 00:01:16 status half-configured git:amd64 1:2.39.5-0+deb12u2
2025-06-11 00:01:16 status installed git:amd64 1:2.39.5-0+deb12u2
2025-06-11 00:01:16 configure mercurial-common:all 6.3.2-1+deb12u1 <none>
2025-06-11 00:01:16 status unpacked mercurial-common:all 6.3.2-1+deb12u1
2025-06-11 00:01:16 status half-configured mercurial-common:all 6.3.2-1+deb12u1
2025-06-11 00:01:17 status installed mercurial-common:all 6.3.2-1+deb12u1
2025-06-11 00:01:17 configure mercurial:amd64 6.3.2-1+deb12u1 <none>
2025-06-11 00:01:17 status unpacked mercurial:amd64 6.3.2-1+deb12u1
2025-06-11 00:01:17 status half-configured mercurial:amd64 6.3.2-1+deb12u1
2025-06-11 00:01:17 status installed mercurial:amd64 6.3.2-1+deb12u1
2025-06-11 00:01:17 trigproc libc-bin:amd64 2.36-9+deb12u10 <none>
2025-06-11 00:01:17 status half-configured libc-bin:amd64 2.36-9+deb12u10
2025-06-11 00:01:17 status installed libc-bin:amd64 2.36-9+deb12u10
2025-06-11 01:13:24 startup archives unpack
2025-06-11 01:13:24 install imagemagick-6-common:all <none> 8:6.9.11.60+dfsg-1.6+deb12u3
2025-06-11 01:13:24 status half-installed imagemagick-6-common:all 8:6.9.11.60+dfsg-1.6+deb12u3
2025-06-11 01:13:24 status unpacked imagemagick-6-common:all 8:6.9.11.60+dfsg-1.6+deb12u3
2025-06-11 01:13:24 install libmagickcore-6-headers:all <none> 8:6.9.11.60+dfsg-1.6+deb12u3
2025-06-11 01:13:24 status half-installed libmagickcore-6-headers:all 8:6.9.11.60+dfsg-1.6+deb12u3
2025-06-11 01:13:24 status unpacked libmagickcore-6-headers:all 8:6.9.11.60+dfsg-1.6+deb12u3
2025-06-11 01:13:24 install libmagickcore-6-arch-config:amd64 <none> 8:6.9.11.60+dfsg-1.6+deb12u3
2025-06-11 01:13:24 status half-installed libmagickcore-6-arch-config:amd64 8:6.9.11.60+dfsg-1.6+deb12u3
2025-06-11 01:13:24 status unpacked libmagickcore-6-arch-config:amd64 8:6.9.11.60+dfsg-1.6+deb12u3
2025-06-11 01:13:24 install libgomp1:amd64 <none> 12.2.0-14+deb12u1
2025-06-11 01:13:24 status triggers-pending libc-bin:amd64 2.36-9+deb12u10
2025-06-11 01:13:24 status half-installed libgomp1:amd64 12.2.0-14+deb12u1
2025-06-11 01:13:24 status unpacked libgomp1:amd64 12.2.0-14+deb12u1
2025-06-11 01:13:24 install libfftw3-double3:amd64 <none> 3.3.10-1
2025-06-11 01:13:24 status half-installed libfftw3-double3:amd64 3.3.10-1
2025-06-11 01:13:24 status unpacked libfftw3-double3:amd64 3.3.10-1
2025-06-11 01:13:24 install libpng16-16:amd64 <none> 1.6.39-2
2025-06-11 01:13:24 status half-installed libpng16-16:amd64 1.6.39-2
2025-06-11 01:13:24 status unpacked libpng16-16:amd64 1.6.39-2
2025-06-11 01:13:24 install libfreetype6:amd64 <none> 2.12.1+dfsg-5+deb12u4
2025-06-11 01:13:24 status half-installed libfreetype6:amd64 2.12.1+dfsg-5+deb12u4
2025-06-11 01:13:25 status unpacked libfreetype6:amd64 2.12.1+dfsg-5+deb12u4
2025-06-11 01:13:25 install fonts-dejavu-core:all <none> 2.37-6
2025-06-11 01:13:25 status half-installed fonts-dejavu-core:all 2.37-6
2025-06-11 01:13:25 status unpacked fonts-dejavu-core:all 2.37-6
2025-06-11 01:13:25 install fontconfig-config:amd64 <none> 2.14.1-4
2025-06-11 01:13:25 status half-installed fontconfig-config:amd64 2.14.1-4
2025-06-11 01:13:25 status unpacked fontconfig-config:amd64 2.14.1-4
2025-06-11 01:13:25 install libfontconfig1:amd64 <none> 2.14.1-4
2025-06-11 01:13:25 status half-installed libfontconfig1:amd64 2.14.1-4
2025-06-11 01:13:25 status unpacked libfontconfig1:amd64 2.14.1-4
2025-06-11 01:13:25 install libaom3:amd64 <none> 3.6.0-1+deb12u1
2025-06-11 01:13:25 status half-installed libaom3:amd64 3.6.0-1+deb12u1
2025-06-11 01:13:25 status unpacked libaom3:amd64 3.6.0-1+deb12u1
2025-06-11 01:13:25 install libdav1d6:amd64 <none> 1.0.0-2+deb12u1
2025-06-11 01:13:25 status half-installed libdav1d6:amd64 1.0.0-2+deb12u1
2025-06-11 01:13:25 status unpacked libdav1d6:amd64 1.0.0-2+deb12u1
2025-06-11 01:13:25 install libde265-0:amd64 <none> 1.0.11-1+deb12u2
2025-06-11 01:13:25 status half-installed libde265-0:amd64 1.0.11-1+deb12u2
2025-06-11 01:13:25 status unpacked libde265-0:amd64 1.0.11-1+deb12u2
2025-06-11 01:13:25 install libnuma1:amd64 <none> 2.0.16-1
2025-06-11 01:13:25 status half-installed libnuma1:amd64 2.0.16-1
2025-06-11 01:13:25 status unpacked libnuma1:amd64 2.0.16-1
2025-06-11 01:13:25 install libx265-199:amd64 <none> 3.5-2+b1
2025-06-11 01:13:25 status half-installed libx265-199:amd64 3.5-2+b1
2025-06-11 01:13:25 status unpacked libx265-199:amd64 3.5-2+b1
2025-06-11 01:13:25 install libheif1:amd64 <none> 1.15.1-1+deb12u1
2025-06-11 01:13:25 status half-installed libheif1:amd64 1.15.1-1+deb12u1
2025-06-11 01:13:25 status unpacked libheif1:amd64 1.15.1-1+deb12u1
2025-06-11 01:13:25 install libjbig0:amd64 <none> 2.1-6.1
2025-06-11 01:13:25 status half-installed libjbig0:amd64 2.1-6.1
2025-06-11 01:13:25 status unpacked libjbig0:amd64 2.1-6.1
2025-06-11 01:13:25 install libjpeg62-turbo:amd64 <none> 1:2.1.5-2
2025-06-11 01:13:25 status half-installed libjpeg62-turbo:amd64 1:2.1.5-2
2025-06-11 01:13:25 status unpacked libjpeg62-turbo:amd64 1:2.1.5-2
2025-06-11 01:13:25 install liblcms2-2:amd64 <none> 2.14-2
2025-06-11 01:13:25 status half-installed liblcms2-2:amd64 2.14-2
2025-06-11 01:13:25 status unpacked liblcms2-2:amd64 2.14-2
2025-06-11 01:13:25 install libglib2.0-0:amd64 <none> 2.74.6-2+deb12u6
2025-06-11 01:13:25 status half-installed libglib2.0-0:amd64 2.74.6-2+deb12u6
2025-06-11 01:13:25 status unpacked libglib2.0-0:amd64 2.74.6-2+deb12u6
2025-06-11 01:13:25 install liblqr-1-0:amd64 <none> 0.4.2-2.1
2025-06-11 01:13:25 status half-installed liblqr-1-0:amd64 0.4.2-2.1
2025-06-11 01:13:25 status unpacked liblqr-1-0:amd64 0.4.2-2.1
2025-06-11 01:13:25 install libltdl7:amd64 <none> 2.4.7-7~deb12u1
2025-06-11 01:13:25 status half-installed libltdl7:amd64 2.4.7-7~deb12u1
2025-06-11 01:13:25 status unpacked libltdl7:amd64 2.4.7-7~deb12u1
2025-06-11 01:13:25 install libopenjp2-7:amd64 <none> 2.5.0-2+deb12u1
2025-06-11 01:13:25 status half-installed libopenjp2-7:amd64 2.5.0-2+deb12u1
2025-06-11 01:13:25 status unpacked libopenjp2-7:amd64 2.5.0-2+deb12u1
2025-06-11 01:13:25 install libdeflate0:amd64 <none> 1.14-1
2025-06-11 01:13:25 status half-installed libdeflate0:amd64 1.14-1
2025-06-11 01:13:25 status unpacked libdeflate0:amd64 1.14-1
2025-06-11 01:13:25 install liblerc4:amd64 <none> 4.0.0+ds-2
2025-06-11 01:13:25 status half-installed liblerc4:amd64 4.0.0+ds-2
2025-06-11 01:13:25 status unpacked liblerc4:amd64 4.0.0+ds-2
2025-06-11 01:13:25 install libwebp7:amd64 <none> 1.2.4-0.2+deb12u1
2025-06-11 01:13:25 status half-installed libwebp7:amd64 1.2.4-0.2+deb12u1
2025-06-11 01:13:25 status unpacked libwebp7:amd64 1.2.4-0.2+deb12u1
2025-06-11 01:13:26 install libtiff6:amd64 <none> 4.5.0-6+deb12u2
2025-06-11 01:13:26 status half-installed libtiff6:amd64 4.5.0-6+deb12u2
2025-06-11 01:13:26 status unpacked libtiff6:amd64 4.5.0-6+deb12u2
2025-06-11 01:13:26 install libwebpdemux2:amd64 <none> 1.2.4-0.2+deb12u1
2025-06-11 01:13:26 status half-installed libwebpdemux2:amd64 1.2.4-0.2+deb12u1
2025-06-11 01:13:26 status unpacked libwebpdemux2:amd64 1.2.4-0.2+deb12u1
2025-06-11 01:13:26 install libwebpmux3:amd64 <none> 1.2.4-0.2+deb12u1
2025-06-11 01:13:26 status half-installed libwebpmux3:amd64 1.2.4-0.2+deb12u1
2025-06-11 01:13:26 status unpacked libwebpmux3:amd64 1.2.4-0.2+deb12u1
2025-06-11 01:13:26 install libxau6:amd64 <none> 1:1.0.9-1
2025-06-11 01:13:26 status half-installed libxau6:amd64 1:1.0.9-1
2025-06-11 01:13:26 status unpacked libxau6:amd64 1:1.0.9-1
2025-06-11 01:13:26 install libxdmcp6:amd64 <none> 1:1.1.2-3
2025-06-11 01:13:26 status half-installed libxdmcp6:amd64 1:1.1.2-3
2025-06-11 01:13:26 status unpacked libxdmcp6:amd64 1:1.1.2-3
2025-06-11 01:13:26 install libxcb1:amd64 <none> 1.15-1
2025-06-11 01:13:26 status half-installed libxcb1:amd64 1.15-1
2025-06-11 01:13:26 status unpacked libxcb1:amd64 1.15-1
2025-06-11 01:13:26 install libx11-data:all <none> 2:1.8.4-2+deb12u2
2025-06-11 01:13:26 status half-installed libx11-data:all 2:1.8.4-2+deb12u2
2025-06-11 01:13:26 status unpacked libx11-data:all 2:1.8.4-2+deb12u2
2025-06-11 01:13:26 install libx11-6:amd64 <none> 2:1.8.4-2+deb12u2
2025-06-11 01:13:26 status half-installed libx11-6:amd64 2:1.8.4-2+deb12u2
2025-06-11 01:13:26 status unpacked libx11-6:amd64 2:1.8.4-2+deb12u2
2025-06-11 01:13:26 install libxext6:amd64 <none> 2:1.3.4-1+b1
2025-06-11 01:13:26 status half-installed libxext6:amd64 2:1.3.4-1+b1
2025-06-11 01:13:26 status unpacked libxext6:amd64 2:1.3.4-1+b1
2025-06-11 01:13:26 install libicu72:amd64 <none> 72.1-3
2025-06-11 01:13:26 status half-installed libicu72:amd64 72.1-3
2025-06-11 01:13:26 status unpacked libicu72:amd64 72.1-3
2025-06-11 01:13:26 install libxml2:amd64 <none> 2.9.14+dfsg-1.3~deb12u1
2025-06-11 01:13:26 status half-installed libxml2:amd64 2.9.14+dfsg-1.3~deb12u1
2025-06-11 01:13:26 status unpacked libxml2:amd64 2.9.14+dfsg-1.3~deb12u1
2025-06-11 01:13:26 install libmagickcore-6.q16-6:amd64 <none> 8:6.9.11.60+dfsg-1.6+deb12u3
2025-06-11 01:13:26 status half-installed libmagickcore-6.q16-6:amd64 8:6.9.11.60+dfsg-1.6+deb12u3
2025-06-11 01:13:26 status unpacked libmagickcore-6.q16-6:amd64 8:6.9.11.60+dfsg-1.6+deb12u3
2025-06-11 01:13:26 install libpixman-1-0:amd64 <none> 0.42.2-1
2025-06-11 01:13:26 status half-installed libpixman-1-0:amd64 0.42.2-1
2025-06-11 01:13:26 status unpacked libpixman-1-0:amd64 0.42.2-1
2025-06-11 01:13:27 install libxcb-render0:amd64 <none> 1.15-1
2025-06-11 01:13:27 status half-installed libxcb-render0:amd64 1.15-1
2025-06-11 01:13:27 status unpacked libxcb-render0:amd64 1.15-1
2025-06-11 01:13:27 install libxcb-shm0:amd64 <none> 1.15-1
2025-06-11 01:13:27 status half-installed libxcb-shm0:amd64 1.15-1
2025-06-11 01:13:27 status unpacked libxcb-shm0:amd64 1.15-1
2025-06-11 01:13:27 install libxrender1:amd64 <none> 1:0.9.10-1.1
2025-06-11 01:13:27 status half-installed libxrender1:amd64 1:0.9.10-1.1
2025-06-11 01:13:27 status unpacked libxrender1:amd64 1:0.9.10-1.1
2025-06-11 01:13:27 install libcairo2:amd64 <none> 1.16.0-7
2025-06-11 01:13:27 status half-installed libcairo2:amd64 1.16.0-7
2025-06-11 01:13:27 status unpacked libcairo2:amd64 1.16.0-7
2025-06-11 01:13:27 install libdjvulibre-text:all <none> 3.5.28-2
2025-06-11 01:13:27 status half-installed libdjvulibre-text:all 3.5.28-2
2025-06-11 01:13:27 status unpacked libdjvulibre-text:all 3.5.28-2
2025-06-11 01:13:27 install libdjvulibre21:amd64 <none> 3.5.28-2+b1
2025-06-11 01:13:27 status half-installed libdjvulibre21:amd64 3.5.28-2+b1
2025-06-11 01:13:27 status unpacked libdjvulibre21:amd64 3.5.28-2+b1
2025-06-11 01:13:27 install libmagickwand-6.q16-6:amd64 <none> 8:6.9.11.60+dfsg-1.6+deb12u3
2025-06-11 01:13:27 status half-installed libmagickwand-6.q16-6:amd64 8:6.9.11.60+dfsg-1.6+deb12u3
2025-06-11 01:13:27 status unpacked libmagickwand-6.q16-6:amd64 8:6.9.11.60+dfsg-1.6+deb12u3
2025-06-11 01:13:27 install libimath-3-1-29:amd64 <none> 3.1.6-1
2025-06-11 01:13:27 status half-installed libimath-3-1-29:amd64 3.1.6-1
2025-06-11 01:13:27 status unpacked libimath-3-1-29:amd64 3.1.6-1
2025-06-11 01:13:27 install libopenexr-3-1-30:amd64 <none> 3.1.5-5
2025-06-11 01:13:27 status half-installed libopenexr-3-1-30:amd64 3.1.5-5
2025-06-11 01:13:27 status unpacked libopenexr-3-1-30:amd64 3.1.5-5
2025-06-11 01:13:27 install fontconfig:amd64 <none> 2.14.1-4
2025-06-11 01:13:27 status half-installed fontconfig:amd64 2.14.1-4
2025-06-11 01:13:27 status unpacked fontconfig:amd64 2.14.1-4
2025-06-11 01:13:27 install libfribidi0:amd64 <none> 1.0.8-2.1
2025-06-11 01:13:27 status half-installed libfribidi0:amd64 1.0.8-2.1
2025-06-11 01:13:27 status unpacked libfribidi0:amd64 1.0.8-2.1
2025-06-11 01:13:27 install libgraphite2-3:amd64 <none> 1.3.14-1
2025-06-11 01:13:27 status half-installed libgraphite2-3:amd64 1.3.14-1
2025-06-11 01:13:27 status unpacked libgraphite2-3:amd64 1.3.14-1
2025-06-11 01:13:27 install libharfbuzz0b:amd64 <none> 6.0.0+dfsg-3
2025-06-11 01:13:27 status half-installed libharfbuzz0b:amd64 6.0.0+dfsg-3
2025-06-11 01:13:27 status unpacked libharfbuzz0b:amd64 6.0.0+dfsg-3
2025-06-11 01:13:27 install libthai-data:all <none> 0.1.29-1
2025-06-11 01:13:27 status half-installed libthai-data:all 0.1.29-1
2025-06-11 01:13:27 status unpacked libthai-data:all 0.1.29-1
2025-06-11 01:13:27 install libdatrie1:amd64 <none> 0.2.13-2+b1
2025-06-11 01:13:27 status half-installed libdatrie1:amd64 0.2.13-2+b1
2025-06-11 01:13:27 status unpacked libdatrie1:amd64 0.2.13-2+b1
2025-06-11 01:13:27 install libthai0:amd64 <none> 0.1.29-1
2025-06-11 01:13:27 status half-installed libthai0:amd64 0.1.29-1
2025-06-11 01:13:27 status unpacked libthai0:amd64 0.1.29-1
2025-06-11 01:13:27 install libpango-1.0-0:amd64 <none> 1.50.12+ds-1
2025-06-11 01:13:27 status half-installed libpango-1.0-0:amd64 1.50.12+ds-1
2025-06-11 01:13:27 status unpacked libpango-1.0-0:amd64 1.50.12+ds-1
2025-06-11 01:13:27 install libpangoft2-1.0-0:amd64 <none> 1.50.12+ds-1
2025-06-11 01:13:27 status half-installed libpangoft2-1.0-0:amd64 1.50.12+ds-1
2025-06-11 01:13:27 status unpacked libpangoft2-1.0-0:amd64 1.50.12+ds-1
2025-06-11 01:13:27 install libpangocairo-1.0-0:amd64 <none> 1.50.12+ds-1
2025-06-11 01:13:27 status half-installed libpangocairo-1.0-0:amd64 1.50.12+ds-1
2025-06-11 01:13:27 status unpacked libpangocairo-1.0-0:amd64 1.50.12+ds-1
2025-06-11 01:13:27 install libwmflite-0.2-7:amd64 <none> 0.2.12-5.1
2025-06-11 01:13:27 status half-installed libwmflite-0.2-7:amd64 0.2.12-5.1
2025-06-11 01:13:27 status unpacked libwmflite-0.2-7:amd64 0.2.12-5.1
2025-06-11 01:13:27 install libmagickcore-6.q16-6-extra:amd64 <none> 8:6.9.11.60+dfsg-1.6+deb12u3
2025-06-11 01:13:27 status half-installed libmagickcore-6.q16-6-extra:amd64 8:6.9.11.60+dfsg-1.6+deb12u3
2025-06-11 01:13:27 status unpacked libmagickcore-6.q16-6-extra:amd64 8:6.9.11.60+dfsg-1.6+deb12u3
2025-06-11 01:13:27 install libc-dev-bin:amd64 <none> 2.36-9+deb12u10
2025-06-11 01:13:27 status half-installed libc-dev-bin:amd64 2.36-9+deb12u10
2025-06-11 01:13:27 status unpacked libc-dev-bin:amd64 2.36-9+deb12u10
2025-06-11 01:13:27 install linux-libc-dev:amd64 <none> 6.1.140-1
2025-06-11 01:13:27 status half-installed linux-libc-dev:amd64 6.1.140-1
2025-06-11 01:13:27 status unpacked linux-libc-dev:amd64 6.1.140-1
2025-06-11 01:13:27 install libcrypt-dev:amd64 <none> 1:4.4.33-2
2025-06-11 01:13:27 status half-installed libcrypt-dev:amd64 1:4.4.33-2
2025-06-11 01:13:27 status unpacked libcrypt-dev:amd64 1:4.4.33-2
2025-06-11 01:13:28 install libtirpc-dev:amd64 <none> 1.3.3+ds-1
2025-06-11 01:13:28 status half-installed libtirpc-dev:amd64 1.3.3+ds-1
2025-06-11 01:13:28 status unpacked libtirpc-dev:amd64 1.3.3+ds-1
2025-06-11 01:13:28 install libnsl-dev:amd64 <none> 1.3.0-2
2025-06-11 01:13:28 status half-installed libnsl-dev:amd64 1.3.0-2
2025-06-11 01:13:28 status unpacked libnsl-dev:amd64 1.3.0-2
2025-06-11 01:13:28 install rpcsvc-proto:amd64 <none> 1.4.3-1
2025-06-11 01:13:28 status half-installed rpcsvc-proto:amd64 1.4.3-1
2025-06-11 01:13:28 status unpacked rpcsvc-proto:amd64 1.4.3-1
2025-06-11 01:13:28 install libc6-dev:amd64 <none> 2.36-9+deb12u10
2025-06-11 01:13:28 status half-installed libc6-dev:amd64 2.36-9+deb12u10
2025-06-11 01:13:28 status unpacked libc6-dev:amd64 2.36-9+deb12u10
2025-06-11 01:13:28 install libbz2-dev:amd64 <none> 1.0.8-5+b1
2025-06-11 01:13:28 status half-installed libbz2-dev:amd64 1.0.8-5+b1
2025-06-11 01:13:28 status unpacked libbz2-dev:amd64 1.0.8-5+b1
2025-06-11 01:13:28 install libjpeg62-turbo-dev:amd64 <none> 1:2.1.5-2
2025-06-11 01:13:28 status half-installed libjpeg62-turbo-dev:amd64 1:2.1.5-2
2025-06-11 01:13:28 status unpacked libjpeg62-turbo-dev:amd64 1:2.1.5-2
2025-06-11 01:13:28 install libjpeg-dev:amd64 <none> 1:2.1.5-2
2025-06-11 01:13:28 status half-installed libjpeg-dev:amd64 1:2.1.5-2
2025-06-11 01:13:28 status unpacked libjpeg-dev:amd64 1:2.1.5-2
2025-06-11 01:13:28 install libdjvulibre-dev:amd64 <none> 3.5.28-2+b1
2025-06-11 01:13:28 status half-installed libdjvulibre-dev:amd64 3.5.28-2+b1
2025-06-11 01:13:28 status unpacked libdjvulibre-dev:amd64 3.5.28-2+b1
2025-06-11 01:13:28 install libexif12:amd64 <none> 0.6.24-1+b1
2025-06-11 01:13:28 status half-installed libexif12:amd64 0.6.24-1+b1
2025-06-11 01:13:28 status unpacked libexif12:amd64 0.6.24-1+b1
2025-06-11 01:13:28 install libexif-dev:amd64 <none> 0.6.24-1+b1
2025-06-11 01:13:28 status half-installed libexif-dev:amd64 0.6.24-1+b1
2025-06-11 01:13:28 status unpacked libexif-dev:amd64 0.6.24-1+b1
2025-06-11 01:13:28 install libbrotli-dev:amd64 <none> 1.0.9-2+b6
2025-06-11 01:13:28 status half-installed libbrotli-dev:amd64 1.0.9-2+b6
2025-06-11 01:13:28 status unpacked libbrotli-dev:amd64 1.0.9-2+b6
2025-06-11 01:13:28 install zlib1g-dev:amd64 <none> 1:1.2.13.dfsg-1
2025-06-11 01:13:28 status half-installed zlib1g-dev:amd64 1:1.2.13.dfsg-1
2025-06-11 01:13:28 status unpacked zlib1g-dev:amd64 1:1.2.13.dfsg-1
2025-06-11 01:13:28 install libpng-dev:amd64 <none> 1.6.39-2
2025-06-11 01:13:28 status half-installed libpng-dev:amd64 1.6.39-2
2025-06-11 01:13:28 status unpacked libpng-dev:amd64 1.6.39-2
2025-06-11 01:13:28 install libfreetype-dev:amd64 <none> 2.12.1+dfsg-5+deb12u4
2025-06-11 01:13:28 status half-installed libfreetype-dev:amd64 2.12.1+dfsg-5+deb12u4
2025-06-11 01:13:28 status unpacked libfreetype-dev:amd64 2.12.1+dfsg-5+deb12u4
2025-06-11 01:13:28 install libfreetype6-dev:amd64 <none> 2.12.1+dfsg-5+deb12u4
2025-06-11 01:13:28 status half-installed libfreetype6-dev:amd64 2.12.1+dfsg-5+deb12u4
2025-06-11 01:13:28 status unpacked libfreetype6-dev:amd64 2.12.1+dfsg-5+deb12u4
2025-06-11 01:13:28 install libopenjp2-7-dev:amd64 <none> 2.5.0-2+deb12u1
2025-06-11 01:13:28 status half-installed libopenjp2-7-dev:amd64 2.5.0-2+deb12u1
2025-06-11 01:13:28 status unpacked libopenjp2-7-dev:amd64 2.5.0-2+deb12u1
2025-06-11 01:13:28 install liblcms2-dev:amd64 <none> 2.14-2
2025-06-11 01:13:28 status half-installed liblcms2-dev:amd64 2.14-2
2025-06-11 01:13:28 status unpacked liblcms2-dev:amd64 2.14-2
2025-06-11 01:13:28 install liblqr-1-0-dev:amd64 <none> 0.4.2-2.1
2025-06-11 01:13:28 status half-installed liblqr-1-0-dev:amd64 0.4.2-2.1
2025-06-11 01:13:28 status unpacked liblqr-1-0-dev:amd64 0.4.2-2.1
2025-06-11 01:13:28 install m4:amd64 <none> 1.4.19-3
2025-06-11 01:13:28 status half-installed m4:amd64 1.4.19-3
2025-06-11 01:13:28 status unpacked m4:amd64 1.4.19-3
2025-06-11 01:13:29 install autoconf:all <none> 2.71-3
2025-06-11 01:13:29 status half-installed autoconf:all 2.71-3
2025-06-11 01:13:29 status unpacked autoconf:all 2.71-3
2025-06-11 01:13:29 install autotools-dev:all <none> 20220109.1
2025-06-11 01:13:29 status half-installed autotools-dev:all 20220109.1
2025-06-11 01:13:29 status unpacked autotools-dev:all 20220109.1
2025-06-11 01:13:29 install automake:all <none> 1:1.16.5-1.3
2025-06-11 01:13:29 status half-installed automake:all 1:1.16.5-1.3
2025-06-11 01:13:29 status unpacked automake:all 1:1.16.5-1.3
2025-06-11 01:13:29 install libltdl-dev:amd64 <none> 2.4.7-7~deb12u1
2025-06-11 01:13:29 status half-installed libltdl-dev:amd64 2.4.7-7~deb12u1
2025-06-11 01:13:29 status unpacked libltdl-dev:amd64 2.4.7-7~deb12u1
2025-06-11 01:13:29 install libimath-dev:amd64 <none> 3.1.6-1
2025-06-11 01:13:29 status half-installed libimath-dev:amd64 3.1.6-1
2025-06-11 01:13:29 status unpacked libimath-dev:amd64 3.1.6-1
2025-06-11 01:13:29 install libopenexr-dev:amd64 <none> 3.1.5-5
2025-06-11 01:13:29 status half-installed libopenexr-dev:amd64 3.1.5-5
2025-06-11 01:13:29 status unpacked libopenexr-dev:amd64 3.1.5-5
2025-06-11 01:13:29 install libgirepository-1.0-1:amd64 <none> 1.74.0-3
2025-06-11 01:13:29 status half-installed libgirepository-1.0-1:amd64 1.74.0-3
2025-06-11 01:13:29 status unpacked libgirepository-1.0-1:amd64 1.74.0-3
2025-06-11 01:13:29 install gir1.2-glib-2.0:amd64 <none> 1.74.0-3
2025-06-11 01:13:29 status half-installed gir1.2-glib-2.0:amd64 1.74.0-3
2025-06-11 01:13:29 status unpacked gir1.2-glib-2.0:amd64 1.74.0-3
2025-06-11 01:13:29 install gir1.2-freedesktop:amd64 <none> 1.74.0-3
2025-06-11 01:13:29 status half-installed gir1.2-freedesktop:amd64 1.74.0-3
2025-06-11 01:13:29 status unpacked gir1.2-freedesktop:amd64 1.74.0-3
2025-06-11 01:13:29 install libgdk-pixbuf2.0-common:all <none> 2.42.10+dfsg-1+deb12u1
2025-06-11 01:13:29 status half-installed libgdk-pixbuf2.0-common:all 2.42.10+dfsg-1+deb12u1
2025-06-11 01:13:29 status unpacked libgdk-pixbuf2.0-common:all 2.42.10+dfsg-1+deb12u1
2025-06-11 01:13:29 install shared-mime-info:amd64 <none> 2.2-1
2025-06-11 01:13:29 status half-installed shared-mime-info:amd64 2.2-1
2025-06-11 01:13:29 status unpacked shared-mime-info:amd64 2.2-1
2025-06-11 01:13:29 install libgdk-pixbuf-2.0-0:amd64 <none> 2.42.10+dfsg-1+deb12u1
2025-06-11 01:13:29 status half-installed libgdk-pixbuf-2.0-0:amd64 2.42.10+dfsg-1+deb12u1
2025-06-11 01:13:29 status unpacked libgdk-pixbuf-2.0-0:amd64 2.42.10+dfsg-1+deb12u1
2025-06-11 01:13:29 install gir1.2-gdkpixbuf-2.0:amd64 <none> 2.42.10+dfsg-1+deb12u1
2025-06-11 01:13:29 status half-installed gir1.2-gdkpixbuf-2.0:amd64 2.42.10+dfsg-1+deb12u1
2025-06-11 01:13:29 status unpacked gir1.2-gdkpixbuf-2.0:amd64 2.42.10+dfsg-1+deb12u1
2025-06-11 01:13:29 install libcairo-gobject2:amd64 <none> 1.16.0-7
2025-06-11 01:13:29 status half-installed libcairo-gobject2:amd64 1.16.0-7
2025-06-11 01:13:29 status unpacked libcairo-gobject2:amd64 1.16.0-7
2025-06-11 01:13:29 install librsvg2-2:amd64 <none> 2.54.7+dfsg-1~deb12u1
2025-06-11 01:13:29 status half-installed librsvg2-2:amd64 2.54.7+dfsg-1~deb12u1
2025-06-11 01:13:29 status unpacked librsvg2-2:amd64 2.54.7+dfsg-1~deb12u1
2025-06-11 01:13:29 install gir1.2-rsvg-2.0:amd64 <none> 2.54.7+dfsg-1~deb12u1
2025-06-11 01:13:29 status half-installed gir1.2-rsvg-2.0:amd64 2.54.7+dfsg-1~deb12u1
2025-06-11 01:13:29 status unpacked gir1.2-rsvg-2.0:amd64 2.54.7+dfsg-1~deb12u1
2025-06-11 01:13:29 install liblzo2-2:amd64 <none> 2.10-2
2025-06-11 01:13:29 status half-installed liblzo2-2:amd64 2.10-2
2025-06-11 01:13:29 status unpacked liblzo2-2:amd64 2.10-2
2025-06-11 01:13:29 install libcairo-script-interpreter2:amd64 <none> 1.16.0-7
2025-06-11 01:13:29 status half-installed libcairo-script-interpreter2:amd64 1.16.0-7
2025-06-11 01:13:29 status unpacked libcairo-script-interpreter2:amd64 1.16.0-7
2025-06-11 01:13:29 install libexpat1-dev:amd64 <none> 2.5.0-1+deb12u1
2025-06-11 01:13:29 status half-installed libexpat1-dev:amd64 2.5.0-1+deb12u1
2025-06-11 01:13:29 status unpacked libexpat1-dev:amd64 2.5.0-1+deb12u1
2025-06-11 01:13:29 install uuid-dev:amd64 <none> 2.38.1-5+deb12u3
2025-06-11 01:13:29 status half-installed uuid-dev:amd64 2.38.1-5+deb12u3
2025-06-11 01:13:29 status unpacked uuid-dev:amd64 2.38.1-5+deb12u3
2025-06-11 01:13:29 install libpkgconf3:amd64 <none> 1.8.1-1
2025-06-11 01:13:29 status half-installed libpkgconf3:amd64 1.8.1-1
2025-06-11 01:13:29 status unpacked libpkgconf3:amd64 1.8.1-1
2025-06-11 01:13:30 install pkgconf-bin:amd64 <none> 1.8.1-1
2025-06-11 01:13:30 status half-installed pkgconf-bin:amd64 1.8.1-1
2025-06-11 01:13:30 status unpacked pkgconf-bin:amd64 1.8.1-1
2025-06-11 01:13:30 install pkgconf:amd64 <none> 1.8.1-1
2025-06-11 01:13:30 status half-installed pkgconf:amd64 1.8.1-1
2025-06-11 01:13:30 status unpacked pkgconf:amd64 1.8.1-1
2025-06-11 01:13:30 install pkg-config:amd64 <none> 1.8.1-1
2025-06-11 01:13:30 status half-installed pkg-config:amd64 1.8.1-1
2025-06-11 01:13:30 status unpacked pkg-config:amd64 1.8.1-1
2025-06-11 01:13:30 install libfontconfig-dev:amd64 <none> 2.14.1-4
2025-06-11 01:13:30 status half-installed libfontconfig-dev:amd64 2.14.1-4
2025-06-11 01:13:30 status unpacked libfontconfig-dev:amd64 2.14.1-4
2025-06-11 01:13:30 install libffi-dev:amd64 <none> 3.4.4-1
2025-06-11 01:13:30 status half-installed libffi-dev:amd64 3.4.4-1
2025-06-11 01:13:30 status unpacked libffi-dev:amd64 3.4.4-1
2025-06-11 01:13:30 install libglib2.0-data:all <none> 2.74.6-2+deb12u6
2025-06-11 01:13:30 status half-installed libglib2.0-data:all 2.74.6-2+deb12u6
2025-06-11 01:13:30 status unpacked libglib2.0-data:all 2.74.6-2+deb12u6
2025-06-11 01:13:30 install libelf1:amd64 <none> 0.188-2.1
2025-06-11 01:13:30 status half-installed libelf1:amd64 0.188-2.1
2025-06-11 01:13:30 status unpacked libelf1:amd64 0.188-2.1
2025-06-11 01:13:30 install libglib2.0-bin:amd64 <none> 2.74.6-2+deb12u6
2025-06-11 01:13:30 status half-installed libglib2.0-bin:amd64 2.74.6-2+deb12u6
2025-06-11 01:13:30 status unpacked libglib2.0-bin:amd64 2.74.6-2+deb12u6
2025-06-11 01:13:30 install python3-lib2to3:all <none> 3.11.2-3
2025-06-11 01:13:30 status half-installed python3-lib2to3:all 3.11.2-3
2025-06-11 01:13:30 status unpacked python3-lib2to3:all 3.11.2-3
2025-06-11 01:13:30 install python3-distutils:all <none> 3.11.2-3
2025-06-11 01:13:30 status half-installed python3-distutils:all 3.11.2-3
2025-06-11 01:13:30 status unpacked python3-distutils:all 3.11.2-3
2025-06-11 01:13:30 install libglib2.0-dev-bin:amd64 <none> 2.74.6-2+deb12u6
2025-06-11 01:13:30 status half-installed libglib2.0-dev-bin:amd64 2.74.6-2+deb12u6
2025-06-11 01:13:30 status unpacked libglib2.0-dev-bin:amd64 2.74.6-2+deb12u6
2025-06-11 01:13:30 install libblkid-dev:amd64 <none> 2.38.1-5+deb12u3
2025-06-11 01:13:30 status half-installed libblkid-dev:amd64 2.38.1-5+deb12u3
2025-06-11 01:13:30 status unpacked libblkid-dev:amd64 2.38.1-5+deb12u3
2025-06-11 01:13:30 install libsepol-dev:amd64 <none> 3.4-2.1
2025-06-11 01:13:30 status half-installed libsepol-dev:amd64 3.4-2.1
2025-06-11 01:13:30 status unpacked libsepol-dev:amd64 3.4-2.1
2025-06-11 01:13:30 install libpcre2-16-0:amd64 <none> 10.42-1
2025-06-11 01:13:30 status half-installed libpcre2-16-0:amd64 10.42-1
2025-06-11 01:13:30 status unpacked libpcre2-16-0:amd64 10.42-1
2025-06-11 01:13:30 install libpcre2-32-0:amd64 <none> 10.42-1
2025-06-11 01:13:30 status half-installed libpcre2-32-0:amd64 10.42-1
2025-06-11 01:13:30 status unpacked libpcre2-32-0:amd64 10.42-1
2025-06-11 01:13:30 install libpcre2-posix3:amd64 <none> 10.42-1
2025-06-11 01:13:30 status half-installed libpcre2-posix3:amd64 10.42-1
2025-06-11 01:13:30 status unpacked libpcre2-posix3:amd64 10.42-1
2025-06-11 01:13:30 install libpcre2-dev:amd64 <none> 10.42-1
2025-06-11 01:13:30 status half-installed libpcre2-dev:amd64 10.42-1
2025-06-11 01:13:30 status unpacked libpcre2-dev:amd64 10.42-1
2025-06-11 01:13:30 install libselinux1-dev:amd64 <none> 3.4-1+b6
2025-06-11 01:13:30 status half-installed libselinux1-dev:amd64 3.4-1+b6
2025-06-11 01:13:30 status unpacked libselinux1-dev:amd64 3.4-1+b6
2025-06-11 01:13:30 install libmount-dev:amd64 <none> 2.38.1-5+deb12u3
2025-06-11 01:13:30 status half-installed libmount-dev:amd64 2.38.1-5+deb12u3
2025-06-11 01:13:30 status unpacked libmount-dev:amd64 2.38.1-5+deb12u3
2025-06-11 01:13:30 install libglib2.0-dev:amd64 <none> 2.74.6-2+deb12u6
2025-06-11 01:13:30 status half-installed libglib2.0-dev:amd64 2.74.6-2+deb12u6
2025-06-11 01:13:30 status unpacked libglib2.0-dev:amd64 2.74.6-2+deb12u6
2025-06-11 01:13:30 install libpixman-1-dev:amd64 <none> 0.42.2-1
2025-06-11 01:13:30 status half-installed libpixman-1-dev:amd64 0.42.2-1
2025-06-11 01:13:30 status unpacked libpixman-1-dev:amd64 0.42.2-1
2025-06-11 01:13:30 install x11-common:all <none> 1:7.7+23
2025-06-11 01:13:30 status half-installed x11-common:all 1:7.7+23
2025-06-11 01:13:30 status unpacked x11-common:all 1:7.7+23
2025-06-11 01:13:30 install libice6:amd64 <none> 2:1.0.10-1
2025-06-11 01:13:30 status half-installed libice6:amd64 2:1.0.10-1
2025-06-11 01:13:30 status unpacked libice6:amd64 2:1.0.10-1
2025-06-11 01:13:30 install libsm6:amd64 <none> 2:1.2.3-1
2025-06-11 01:13:30 status half-installed libsm6:amd64 2:1.2.3-1
2025-06-11 01:13:31 status unpacked libsm6:amd64 2:1.2.3-1
2025-06-11 01:13:31 install xorg-sgml-doctools:all <none> 1:1.11-1.1
2025-06-11 01:13:31 status half-installed xorg-sgml-doctools:all 1:1.11-1.1
2025-06-11 01:13:31 status unpacked xorg-sgml-doctools:all 1:1.11-1.1
2025-06-11 01:13:31 install x11proto-dev:all <none> 2022.1-1
2025-06-11 01:13:31 status half-installed x11proto-dev:all 2022.1-1
2025-06-11 01:13:31 status unpacked x11proto-dev:all 2022.1-1
2025-06-11 01:13:31 install x11proto-core-dev:all <none> 2022.1-1
2025-06-11 01:13:31 status half-installed x11proto-core-dev:all 2022.1-1
2025-06-11 01:13:31 status unpacked x11proto-core-dev:all 2022.1-1
2025-06-11 01:13:31 install libice-dev:amd64 <none> 2:1.0.10-1
2025-06-11 01:13:31 status half-installed libice-dev:amd64 2:1.0.10-1
2025-06-11 01:13:31 status unpacked libice-dev:amd64 2:1.0.10-1
2025-06-11 01:13:31 install libsm-dev:amd64 <none> 2:1.2.3-1
2025-06-11 01:13:31 status half-installed libsm-dev:amd64 2:1.2.3-1
2025-06-11 01:13:31 status unpacked libsm-dev:amd64 2:1.2.3-1
2025-06-11 01:13:31 install libxau-dev:amd64 <none> 1:1.0.9-1
2025-06-11 01:13:31 status half-installed libxau-dev:amd64 1:1.0.9-1
2025-06-11 01:13:31 status unpacked libxau-dev:amd64 1:1.0.9-1
2025-06-11 01:13:31 install libxdmcp-dev:amd64 <none> 1:1.1.2-3
2025-06-11 01:13:31 status half-installed libxdmcp-dev:amd64 1:1.1.2-3
2025-06-11 01:13:31 status unpacked libxdmcp-dev:amd64 1:1.1.2-3
2025-06-11 01:13:31 install xtrans-dev:all <none> 1.4.0-1
2025-06-11 01:13:31 status half-installed xtrans-dev:all 1.4.0-1
2025-06-11 01:13:31 status unpacked xtrans-dev:all 1.4.0-1
2025-06-11 01:13:31 install libpthread-stubs0-dev:amd64 <none> 0.4-1
2025-06-11 01:13:31 status half-installed libpthread-stubs0-dev:amd64 0.4-1
2025-06-11 01:13:31 status unpacked libpthread-stubs0-dev:amd64 0.4-1
2025-06-11 01:13:31 install libxcb1-dev:amd64 <none> 1.15-1
2025-06-11 01:13:31 status half-installed libxcb1-dev:amd64 1.15-1
2025-06-11 01:13:31 status unpacked libxcb1-dev:amd64 1.15-1
2025-06-11 01:13:31 install libx11-dev:amd64 <none> 2:1.8.4-2+deb12u2
2025-06-11 01:13:31 status half-installed libx11-dev:amd64 2:1.8.4-2+deb12u2
2025-06-11 01:13:31 status unpacked libx11-dev:amd64 2:1.8.4-2+deb12u2
2025-06-11 01:13:31 install libxcb-render0-dev:amd64 <none> 1.15-1
2025-06-11 01:13:31 status half-installed libxcb-render0-dev:amd64 1.15-1
2025-06-11 01:13:31 status unpacked libxcb-render0-dev:amd64 1.15-1
2025-06-11 01:13:31 install libxcb-shm0-dev:amd64 <none> 1.15-1
2025-06-11 01:13:31 status half-installed libxcb-shm0-dev:amd64 1.15-1
2025-06-11 01:13:31 status unpacked libxcb-shm0-dev:amd64 1.15-1
2025-06-11 01:13:31 install libxext-dev:amd64 <none> 2:1.3.4-1+b1
2025-06-11 01:13:31 status half-installed libxext-dev:amd64 2:1.3.4-1+b1
2025-06-11 01:13:31 status unpacked libxext-dev:amd64 2:1.3.4-1+b1
2025-06-11 01:13:31 install libxrender-dev:amd64 <none> 1:0.9.10-1.1
2025-06-11 01:13:31 status half-installed libxrender-dev:amd64 1:0.9.10-1.1
2025-06-11 01:13:31 status unpacked libxrender-dev:amd64 1:0.9.10-1.1
2025-06-11 01:13:31 install libcairo2-dev:amd64 <none> 1.16.0-7
2025-06-11 01:13:31 status half-installed libcairo2-dev:amd64 1.16.0-7
2025-06-11 01:13:31 status unpacked libcairo2-dev:amd64 1.16.0-7
2025-06-11 01:13:31 install libgdk-pixbuf2.0-bin:amd64 <none> 2.42.10+dfsg-1+deb12u1
2025-06-11 01:13:31 status half-installed libgdk-pixbuf2.0-bin:amd64 2.42.10+dfsg-1+deb12u1
2025-06-11 01:13:31 status unpacked libgdk-pixbuf2.0-bin:amd64 2.42.10+dfsg-1+deb12u1
2025-06-11 01:13:31 install libjbig-dev:amd64 <none> 2.1-6.1
2025-06-11 01:13:31 status half-installed libjbig-dev:amd64 2.1-6.1
2025-06-11 01:13:31 status unpacked libjbig-dev:amd64 2.1-6.1
2025-06-11 01:13:31 install liblzma-dev:amd64 <none> 5.4.1-1
2025-06-11 01:13:31 status half-installed liblzma-dev:amd64 5.4.1-1
2025-06-11 01:13:31 status unpacked liblzma-dev:amd64 5.4.1-1
2025-06-11 01:13:31 install libzstd-dev:amd64 <none> 1.5.4+dfsg2-5
2025-06-11 01:13:31 status half-installed libzstd-dev:amd64 1.5.4+dfsg2-5
2025-06-11 01:13:31 status unpacked libzstd-dev:amd64 1.5.4+dfsg2-5
2025-06-11 01:13:31 install libwebp-dev:amd64 <none> 1.2.4-0.2+deb12u1
2025-06-11 01:13:31 status half-installed libwebp-dev:amd64 1.2.4-0.2+deb12u1
2025-06-11 01:13:31 status unpacked libwebp-dev:amd64 1.2.4-0.2+deb12u1
2025-06-11 01:13:31 install libtiffxx6:amd64 <none> 4.5.0-6+deb12u2
2025-06-11 01:13:31 status half-installed libtiffxx6:amd64 4.5.0-6+deb12u2
2025-06-11 01:13:31 status unpacked libtiffxx6:amd64 4.5.0-6+deb12u2
2025-06-11 01:13:31 install libdeflate-dev:amd64 <none> 1.14-1
2025-06-11 01:13:31 status half-installed libdeflate-dev:amd64 1.14-1
2025-06-11 01:13:31 status unpacked libdeflate-dev:amd64 1.14-1
2025-06-11 01:13:31 install liblerc-dev:amd64 <none> 4.0.0+ds-2
2025-06-11 01:13:31 status half-installed liblerc-dev:amd64 4.0.0+ds-2
2025-06-11 01:13:31 status unpacked liblerc-dev:amd64 4.0.0+ds-2
2025-06-11 01:13:31 install libtiff-dev:amd64 <none> 4.5.0-6+deb12u2
2025-06-11 01:13:31 status half-installed libtiff-dev:amd64 4.5.0-6+deb12u2
2025-06-11 01:13:31 status unpacked libtiff-dev:amd64 4.5.0-6+deb12u2
2025-06-11 01:13:31 install libgdk-pixbuf-2.0-dev:amd64 <none> 2.42.10+dfsg-1+deb12u1
2025-06-11 01:13:31 status half-installed libgdk-pixbuf-2.0-dev:amd64 2.42.10+dfsg-1+deb12u1
2025-06-11 01:13:31 status unpacked libgdk-pixbuf-2.0-dev:amd64 2.42.10+dfsg-1+deb12u1
2025-06-11 01:13:31 install librsvg2-common:amd64 <none> 2.54.7+dfsg-1~deb12u1
2025-06-11 01:13:31 status half-installed librsvg2-common:amd64 2.54.7+dfsg-1~deb12u1
2025-06-11 01:13:31 status unpacked librsvg2-common:amd64 2.54.7+dfsg-1~deb12u1
2025-06-11 01:13:31 install librsvg2-dev:amd64 <none> 2.54.7+dfsg-1~deb12u1
2025-06-11 01:13:31 status half-installed librsvg2-dev:amd64 2.54.7+dfsg-1~deb12u1
2025-06-11 01:13:31 status unpacked librsvg2-dev:amd64 2.54.7+dfsg-1~deb12u1
2025-06-11 01:13:31 install libwmf-0.2-7:amd64 <none> 0.2.12-5.1
2025-06-11 01:13:31 status half-installed libwmf-0.2-7:amd64 0.2.12-5.1
2025-06-11 01:13:31 status unpacked libwmf-0.2-7:amd64 0.2.12-5.1
2025-06-11 01:13:31 install libwmf-dev:amd64 <none> 0.2.12-5.1
2025-06-11 01:13:31 status half-installed libwmf-dev:amd64 0.2.12-5.1
2025-06-11 01:13:31 status unpacked libwmf-dev:amd64 0.2.12-5.1
2025-06-11 01:13:32 install icu-devtools:amd64 <none> 72.1-3
2025-06-11 01:13:32 status half-installed icu-devtools:amd64 72.1-3
2025-06-11 01:13:32 status unpacked icu-devtools:amd64 72.1-3
2025-06-11 01:13:32 install libicu-dev:amd64 <none> 72.1-3
2025-06-11 01:13:32 status half-installed libicu-dev:amd64 72.1-3
2025-06-11 01:13:32 status unpacked libicu-dev:amd64 72.1-3
2025-06-11 01:13:32 install libxml2-dev:amd64 <none> 2.9.14+dfsg-1.3~deb12u1
2025-06-11 01:13:32 status half-installed libxml2-dev:amd64 2.9.14+dfsg-1.3~deb12u1
2025-06-11 01:13:32 status unpacked libxml2-dev:amd64 2.9.14+dfsg-1.3~deb12u1
2025-06-11 01:13:32 install libxt6:amd64 <none> 1:1.2.1-1.1
2025-06-11 01:13:32 status half-installed libxt6:amd64 1:1.2.1-1.1
2025-06-11 01:13:32 status unpacked libxt6:amd64 1:1.2.1-1.1
2025-06-11 01:13:32 install libxt-dev:amd64 <none> 1:1.2.1-1.1
2025-06-11 01:13:32 status half-installed libxt-dev:amd64 1:1.2.1-1.1
2025-06-11 01:13:32 status unpacked libxt-dev:amd64 1:1.2.1-1.1
2025-06-11 01:13:32 install libmagickcore-6.q16-dev:amd64 <none> 8:6.9.11.60+dfsg-1.6+deb12u3
2025-06-11 01:13:32 status half-installed libmagickcore-6.q16-dev:amd64 8:6.9.11.60+dfsg-1.6+deb12u3
2025-06-11 01:13:32 status unpacked libmagickcore-6.q16-dev:amd64 8:6.9.11.60+dfsg-1.6+deb12u3
2025-06-11 01:13:32 install libmagickcore-dev:all <none> 8:6.9.11.60+dfsg-1.6+deb12u3
2025-06-11 01:13:32 status half-installed libmagickcore-dev:all 8:6.9.11.60+dfsg-1.6+deb12u3
2025-06-11 01:13:32 status unpacked libmagickcore-dev:all 8:6.9.11.60+dfsg-1.6+deb12u3
2025-06-11 01:13:32 install libmagickwand-6-headers:all <none> 8:6.9.11.60+dfsg-1.6+deb12u3
2025-06-11 01:13:32 status half-installed libmagickwand-6-headers:all 8:6.9.11.60+dfsg-1.6+deb12u3
2025-06-11 01:13:32 status unpacked libmagickwand-6-headers:all 8:6.9.11.60+dfsg-1.6+deb12u3
2025-06-11 01:13:32 install libmagickwand-6.q16-dev:amd64 <none> 8:6.9.11.60+dfsg-1.6+deb12u3
2025-06-11 01:13:32 status half-installed libmagickwand-6.q16-dev:amd64 8:6.9.11.60+dfsg-1.6+deb12u3
2025-06-11 01:13:32 status unpacked libmagickwand-6.q16-dev:amd64 8:6.9.11.60+dfsg-1.6+deb12u3
2025-06-11 01:13:32 install libmagickwand-dev:all <none> 8:6.9.11.60+dfsg-1.6+deb12u3
2025-06-11 01:13:32 status half-installed libmagickwand-dev:all 8:6.9.11.60+dfsg-1.6+deb12u3
2025-06-11 01:13:32 status unpacked libmagickwand-dev:all 8:6.9.11.60+dfsg-1.6+deb12u3
2025-06-11 01:13:32 install bzip2:amd64 <none> 1.0.8-5+b1
2025-06-11 01:13:32 status half-installed bzip2:amd64 1.0.8-5+b1
2025-06-11 01:13:32 status unpacked bzip2:amd64 1.0.8-5+b1
2025-06-11 01:13:32 install libmagic-mgc:amd64 <none> 1:5.44-3
2025-06-11 01:13:32 status half-installed libmagic-mgc:amd64 1:5.44-3
2025-06-11 01:13:33 status unpacked libmagic-mgc:amd64 1:5.44-3
2025-06-11 01:13:33 install libmagic1:amd64 <none> 1:5.44-3
2025-06-11 01:13:33 status half-installed libmagic1:amd64 1:5.44-3
2025-06-11 01:13:33 status unpacked libmagic1:amd64 1:5.44-3
2025-06-11 01:13:33 install file:amd64 <none> 1:5.44-3
2025-06-11 01:13:33 status half-installed file:amd64 1:5.44-3
2025-06-11 01:13:33 status unpacked file:amd64 1:5.44-3
2025-06-11 01:13:33 install xz-utils:amd64 <none> 5.4.1-1
2025-06-11 01:13:33 status half-installed xz-utils:amd64 5.4.1-1
2025-06-11 01:13:33 status unpacked xz-utils:amd64 5.4.1-1
2025-06-11 01:13:33 install binutils-common:amd64 <none> 2.40-2
2025-06-11 01:13:33 status half-installed binutils-common:amd64 2.40-2
2025-06-11 01:13:33 status unpacked binutils-common:amd64 2.40-2
2025-06-11 01:13:33 install libbinutils:amd64 <none> 2.40-2
2025-06-11 01:13:33 status half-installed libbinutils:amd64 2.40-2
2025-06-11 01:13:33 status unpacked libbinutils:amd64 2.40-2
2025-06-11 01:13:33 install libctf-nobfd0:amd64 <none> 2.40-2
2025-06-11 01:13:33 status half-installed libctf-nobfd0:amd64 2.40-2
2025-06-11 01:13:33 status unpacked libctf-nobfd0:amd64 2.40-2
2025-06-11 01:13:33 install libctf0:amd64 <none> 2.40-2
2025-06-11 01:13:33 status half-installed libctf0:amd64 2.40-2
2025-06-11 01:13:33 status unpacked libctf0:amd64 2.40-2
2025-06-11 01:13:33 install libgprofng0:amd64 <none> 2.40-2
2025-06-11 01:13:33 status half-installed libgprofng0:amd64 2.40-2
2025-06-11 01:13:33 status unpacked libgprofng0:amd64 2.40-2
2025-06-11 01:13:33 install libjansson4:amd64 <none> 2.14-2
2025-06-11 01:13:33 status half-installed libjansson4:amd64 2.14-2
2025-06-11 01:13:33 status unpacked libjansson4:amd64 2.14-2
2025-06-11 01:13:33 install binutils-x86-64-linux-gnu:amd64 <none> 2.40-2
2025-06-11 01:13:33 status half-installed binutils-x86-64-linux-gnu:amd64 2.40-2
2025-06-11 01:13:33 status unpacked binutils-x86-64-linux-gnu:amd64 2.40-2
2025-06-11 01:13:33 install binutils:amd64 <none> 2.40-2
2025-06-11 01:13:33 status half-installed binutils:amd64 2.40-2
2025-06-11 01:13:33 status unpacked binutils:amd64 2.40-2
2025-06-11 01:13:33 install comerr-dev:amd64 <none> 2.1-1.47.0-2
2025-06-11 01:13:33 status half-installed comerr-dev:amd64 2.1-1.47.0-2
2025-06-11 01:13:33 status unpacked comerr-dev:amd64 2.1-1.47.0-2
2025-06-11 01:13:33 install libisl23:amd64 <none> 0.25-1.1
2025-06-11 01:13:33 status half-installed libisl23:amd64 0.25-1.1
2025-06-11 01:13:33 status unpacked libisl23:amd64 0.25-1.1
2025-06-11 01:13:33 install libmpfr6:amd64 <none> 4.2.0-1
2025-06-11 01:13:33 status half-installed libmpfr6:amd64 4.2.0-1
2025-06-11 01:13:33 status unpacked libmpfr6:amd64 4.2.0-1
2025-06-11 01:13:33 install libmpc3:amd64 <none> 1.3.1-1
2025-06-11 01:13:33 status half-installed libmpc3:amd64 1.3.1-1
2025-06-11 01:13:33 status unpacked libmpc3:amd64 1.3.1-1
2025-06-11 01:13:33 install cpp-12:amd64 <none> 12.2.0-14+deb12u1
2025-06-11 01:13:33 status half-installed cpp-12:amd64 12.2.0-14+deb12u1
2025-06-11 01:13:34 status unpacked cpp-12:amd64 12.2.0-14+deb12u1
2025-06-11 01:13:34 install cpp:amd64 <none> 4:12.2.0-3
2025-06-11 01:13:34 status half-installed cpp:amd64 4:12.2.0-3
2025-06-11 01:13:34 status unpacked cpp:amd64 4:12.2.0-3
2025-06-11 01:13:34 install mysql-common:all <none> 5.8+1.1.0
2025-06-11 01:13:34 status half-installed mysql-common:all 5.8+1.1.0
2025-06-11 01:13:34 status unpacked mysql-common:all 5.8+1.1.0
2025-06-11 01:13:34 install mariadb-common:all <none> 1:10.11.11-0+deb12u1
2025-06-11 01:13:34 status half-installed mariadb-common:all 1:10.11.11-0+deb12u1
2025-06-11 01:13:34 status unpacked mariadb-common:all 1:10.11.11-0+deb12u1
2025-06-11 01:13:34 install libmariadb3:amd64 <none> 1:10.11.11-0+deb12u1
2025-06-11 01:13:34 status half-installed libmariadb3:amd64 1:10.11.11-0+deb12u1
2025-06-11 01:13:34 status unpacked libmariadb3:amd64 1:10.11.11-0+deb12u1
2025-06-11 01:13:34 install libssl-dev:amd64 <none> 3.0.16-1~deb12u1
2025-06-11 01:13:34 status half-installed libssl-dev:amd64 3.0.16-1~deb12u1
2025-06-11 01:13:34 status unpacked libssl-dev:amd64 3.0.16-1~deb12u1
2025-06-11 01:13:34 install libmariadb-dev:amd64 <none> 1:10.11.11-0+deb12u1
2025-06-11 01:13:34 status half-installed libmariadb-dev:amd64 1:10.11.11-0+deb12u1
2025-06-11 01:13:34 status unpacked libmariadb-dev:amd64 1:10.11.11-0+deb12u1
2025-06-11 01:13:34 install libmariadb-dev-compat:amd64 <none> 1:10.11.11-0+deb12u1
2025-06-11 01:13:34 status half-installed libmariadb-dev-compat:amd64 1:10.11.11-0+deb12u1
2025-06-11 01:13:34 status unpacked libmariadb-dev-compat:amd64 1:10.11.11-0+deb12u1
2025-06-11 01:13:34 install default-libmysqlclient-dev:amd64 <none> 1.1.0
2025-06-11 01:13:34 status half-installed default-libmysqlclient-dev:amd64 1.1.0
2025-06-11 01:13:34 status unpacked default-libmysqlclient-dev:amd64 1.1.0
2025-06-11 01:13:34 install libdpkg-perl:all <none> 1.21.22
2025-06-11 01:13:34 status half-installed libdpkg-perl:all 1.21.22
2025-06-11 01:13:34 status unpacked libdpkg-perl:all 1.21.22
2025-06-11 01:13:34 install patch:amd64 <none> 2.7.6-7
2025-06-11 01:13:34 status half-installed patch:amd64 2.7.6-7
2025-06-11 01:13:34 status unpacked patch:amd64 2.7.6-7
2025-06-11 01:13:34 install make:amd64 <none> 4.3-4.1
2025-06-11 01:13:34 status half-installed make:amd64 4.3-4.1
2025-06-11 01:13:34 status unpacked make:amd64 4.3-4.1
2025-06-11 01:13:34 install dpkg-dev:all <none> 1.21.22
2025-06-11 01:13:34 status half-installed dpkg-dev:all 1.21.22
2025-06-11 01:13:35 status unpacked dpkg-dev:all 1.21.22
2025-06-11 01:13:35 install libcc1-0:amd64 <none> 12.2.0-14+deb12u1
2025-06-11 01:13:35 status half-installed libcc1-0:amd64 12.2.0-14+deb12u1
2025-06-11 01:13:35 status unpacked libcc1-0:amd64 12.2.0-14+deb12u1
2025-06-11 01:13:35 install libitm1:amd64 <none> 12.2.0-14+deb12u1
2025-06-11 01:13:35 status half-installed libitm1:amd64 12.2.0-14+deb12u1
2025-06-11 01:13:35 status unpacked libitm1:amd64 12.2.0-14+deb12u1
2025-06-11 01:13:35 install libatomic1:amd64 <none> 12.2.0-14+deb12u1
2025-06-11 01:13:35 status half-installed libatomic1:amd64 12.2.0-14+deb12u1
2025-06-11 01:13:35 status unpacked libatomic1:amd64 12.2.0-14+deb12u1
2025-06-11 01:13:35 install libasan8:amd64 <none> 12.2.0-14+deb12u1
2025-06-11 01:13:35 status half-installed libasan8:amd64 12.2.0-14+deb12u1
2025-06-11 01:13:35 status unpacked libasan8:amd64 12.2.0-14+deb12u1
2025-06-11 01:13:35 install liblsan0:amd64 <none> 12.2.0-14+deb12u1
2025-06-11 01:13:35 status half-installed liblsan0:amd64 12.2.0-14+deb12u1
2025-06-11 01:13:35 status unpacked liblsan0:amd64 12.2.0-14+deb12u1
2025-06-11 01:13:35 install libtsan2:amd64 <none> 12.2.0-14+deb12u1
2025-06-11 01:13:35 status half-installed libtsan2:amd64 12.2.0-14+deb12u1
2025-06-11 01:13:35 status unpacked libtsan2:amd64 12.2.0-14+deb12u1
2025-06-11 01:13:35 install libubsan1:amd64 <none> 12.2.0-14+deb12u1
2025-06-11 01:13:35 status half-installed libubsan1:amd64 12.2.0-14+deb12u1
2025-06-11 01:13:35 status unpacked libubsan1:amd64 12.2.0-14+deb12u1
2025-06-11 01:13:35 install libquadmath0:amd64 <none> 12.2.0-14+deb12u1
2025-06-11 01:13:35 status half-installed libquadmath0:amd64 12.2.0-14+deb12u1
2025-06-11 01:13:35 status unpacked libquadmath0:amd64 12.2.0-14+deb12u1
2025-06-11 01:13:35 install libgcc-12-dev:amd64 <none> 12.2.0-14+deb12u1
2025-06-11 01:13:35 status half-installed libgcc-12-dev:amd64 12.2.0-14+deb12u1
2025-06-11 01:13:35 status unpacked libgcc-12-dev:amd64 12.2.0-14+deb12u1
2025-06-11 01:13:35 install gcc-12:amd64 <none> 12.2.0-14+deb12u1
2025-06-11 01:13:35 status half-installed gcc-12:amd64 12.2.0-14+deb12u1
2025-06-11 01:13:36 status unpacked gcc-12:amd64 12.2.0-14+deb12u1
2025-06-11 01:13:36 install gcc:amd64 <none> 4:12.2.0-3
2025-06-11 01:13:36 status half-installed gcc:amd64 4:12.2.0-3
2025-06-11 01:13:36 status unpacked gcc:amd64 4:12.2.0-3
2025-06-11 01:13:36 install libstdc++-12-dev:amd64 <none> 12.2.0-14+deb12u1
2025-06-11 01:13:36 status half-installed libstdc++-12-dev:amd64 12.2.0-14+deb12u1
2025-06-11 01:13:36 status unpacked libstdc++-12-dev:amd64 12.2.0-14+deb12u1
2025-06-11 01:13:36 install g++-12:amd64 <none> 12.2.0-14+deb12u1
2025-06-11 01:13:36 status half-installed g++-12:amd64 12.2.0-14+deb12u1
2025-06-11 01:13:37 status unpacked g++-12:amd64 12.2.0-14+deb12u1
2025-06-11 01:13:37 install g++:amd64 <none> 4:12.2.0-3
2025-06-11 01:13:37 status half-installed g++:amd64 4:12.2.0-3
2025-06-11 01:13:37 status unpacked g++:amd64 4:12.2.0-3
2025-06-11 01:13:37 install hicolor-icon-theme:all <none> 0.17-2
2025-06-11 01:13:37 status half-installed hicolor-icon-theme:all 0.17-2
2025-06-11 01:13:37 status unpacked hicolor-icon-theme:all 0.17-2
2025-06-11 01:13:37 install imagemagick-6.q16:amd64 <none> 8:6.9.11.60+dfsg-1.6+deb12u3
2025-06-11 01:13:37 status half-installed imagemagick-6.q16:amd64 8:6.9.11.60+dfsg-1.6+deb12u3
2025-06-11 01:13:37 status unpacked imagemagick-6.q16:amd64 8:6.9.11.60+dfsg-1.6+deb12u3
2025-06-11 01:13:37 install imagemagick:amd64 <none> 8:6.9.11.60+dfsg-1.6+deb12u3
2025-06-11 01:13:37 status half-installed imagemagick:amd64 8:6.9.11.60+dfsg-1.6+deb12u3
2025-06-11 01:13:37 status unpacked imagemagick:amd64 8:6.9.11.60+dfsg-1.6+deb12u3
2025-06-11 01:13:37 install libgssrpc4:amd64 <none> 1.20.1-2+deb12u3
2025-06-11 01:13:37 status half-installed libgssrpc4:amd64 1.20.1-2+deb12u3
2025-06-11 01:13:37 status unpacked libgssrpc4:amd64 1.20.1-2+deb12u3
2025-06-11 01:13:37 install libkdb5-10:amd64 <none> 1.20.1-2+deb12u3
2025-06-11 01:13:37 status half-installed libkdb5-10:amd64 1.20.1-2+deb12u3
2025-06-11 01:13:37 status unpacked libkdb5-10:amd64 1.20.1-2+deb12u3
2025-06-11 01:13:37 install libkadm5srv-mit12:amd64 <none> 1.20.1-2+deb12u3
2025-06-11 01:13:37 status half-installed libkadm5srv-mit12:amd64 1.20.1-2+deb12u3
2025-06-11 01:13:37 status unpacked libkadm5srv-mit12:amd64 1.20.1-2+deb12u3
2025-06-11 01:13:37 install libkadm5clnt-mit12:amd64 <none> 1.20.1-2+deb12u3
2025-06-11 01:13:37 status half-installed libkadm5clnt-mit12:amd64 1.20.1-2+deb12u3
2025-06-11 01:13:37 status unpacked libkadm5clnt-mit12:amd64 1.20.1-2+deb12u3
2025-06-11 01:13:37 install krb5-multidev:amd64 <none> 1.20.1-2+deb12u3
2025-06-11 01:13:37 status half-installed krb5-multidev:amd64 1.20.1-2+deb12u3
2025-06-11 01:13:37 status unpacked krb5-multidev:amd64 1.20.1-2+deb12u3
2025-06-11 01:13:37 install libcurl4-openssl-dev:amd64 <none> 7.88.1-10+deb12u12
2025-06-11 01:13:37 status half-installed libcurl4-openssl-dev:amd64 7.88.1-10+deb12u12
2025-06-11 01:13:37 status unpacked libcurl4-openssl-dev:amd64 7.88.1-10+deb12u12
2025-06-11 01:13:37 install libdb5.3-dev:amd64 <none> 5.3.28+dfsg2-1
2025-06-11 01:13:37 status half-installed libdb5.3-dev:amd64 5.3.28+dfsg2-1
2025-06-11 01:13:37 status unpacked libdb5.3-dev:amd64 5.3.28+dfsg2-1
2025-06-11 01:13:37 install libdb-dev:amd64 <none> 5.3.2
2025-06-11 01:13:37 status half-installed libdb-dev:amd64 5.3.2
2025-06-11 01:13:37 status unpacked libdb-dev:amd64 5.3.2
2025-06-11 01:13:37 install libevent-2.1-7:amd64 <none> 2.1.12-stable-8
2025-06-11 01:13:37 status half-installed libevent-2.1-7:amd64 2.1.12-stable-8
2025-06-11 01:13:37 status unpacked libevent-2.1-7:amd64 2.1.12-stable-8
2025-06-11 01:13:37 install libevent-core-2.1-7:amd64 <none> 2.1.12-stable-8
2025-06-11 01:13:37 status half-installed libevent-core-2.1-7:amd64 2.1.12-stable-8
2025-06-11 01:13:37 status unpacked libevent-core-2.1-7:amd64 2.1.12-stable-8
2025-06-11 01:13:37 install libevent-extra-2.1-7:amd64 <none> 2.1.12-stable-8
2025-06-11 01:13:37 status half-installed libevent-extra-2.1-7:amd64 2.1.12-stable-8
2025-06-11 01:13:37 status unpacked libevent-extra-2.1-7:amd64 2.1.12-stable-8
2025-06-11 01:13:37 install libevent-pthreads-2.1-7:amd64 <none> 2.1.12-stable-8
2025-06-11 01:13:37 status half-installed libevent-pthreads-2.1-7:amd64 2.1.12-stable-8
2025-06-11 01:13:37 status unpacked libevent-pthreads-2.1-7:amd64 2.1.12-stable-8
2025-06-11 01:13:37 install libevent-openssl-2.1-7:amd64 <none> 2.1.12-stable-8
2025-06-11 01:13:37 status half-installed libevent-openssl-2.1-7:amd64 2.1.12-stable-8
2025-06-11 01:13:37 status unpacked libevent-openssl-2.1-7:amd64 2.1.12-stable-8
2025-06-11 01:13:37 install libevent-dev:amd64 <none> 2.1.12-stable-8
2025-06-11 01:13:37 status half-installed libevent-dev:amd64 2.1.12-stable-8
2025-06-11 01:13:37 status unpacked libevent-dev:amd64 2.1.12-stable-8
2025-06-11 01:13:37 install libgdbm-dev:amd64 <none> 1.23-3
2025-06-11 01:13:37 status half-installed libgdbm-dev:amd64 1.23-3
2025-06-11 01:13:37 status unpacked libgdbm-dev:amd64 1.23-3
2025-06-11 01:13:37 install libgmpxx4ldbl:amd64 <none> 2:6.2.1+dfsg1-1.1
2025-06-11 01:13:37 status half-installed libgmpxx4ldbl:amd64 2:6.2.1+dfsg1-1.1
2025-06-11 01:13:37 status unpacked libgmpxx4ldbl:amd64 2:6.2.1+dfsg1-1.1
2025-06-11 01:13:37 install libgmp-dev:amd64 <none> 2:6.2.1+dfsg1-1.1
2025-06-11 01:13:37 status half-installed libgmp-dev:amd64 2:6.2.1+dfsg1-1.1
2025-06-11 01:13:38 status unpacked libgmp-dev:amd64 2:6.2.1+dfsg1-1.1
2025-06-11 01:13:38 install libkrb5-dev:amd64 <none> 1.20.1-2+deb12u3
2025-06-11 01:13:38 status half-installed libkrb5-dev:amd64 1.20.1-2+deb12u3
2025-06-11 01:13:38 status unpacked libkrb5-dev:amd64 1.20.1-2+deb12u3
2025-06-11 01:13:38 install libmaxminddb0:amd64 <none> 1.7.1-1
2025-06-11 01:13:38 status half-installed libmaxminddb0:amd64 1.7.1-1
2025-06-11 01:13:38 status unpacked libmaxminddb0:amd64 1.7.1-1
2025-06-11 01:13:38 install libmaxminddb-dev:amd64 <none> 1.7.1-1
2025-06-11 01:13:38 status half-installed libmaxminddb-dev:amd64 1.7.1-1
2025-06-11 01:13:38 status unpacked libmaxminddb-dev:amd64 1.7.1-1
2025-06-11 01:13:38 install libncurses6:amd64 <none> 6.4-4
2025-06-11 01:13:38 status half-installed libncurses6:amd64 6.4-4
2025-06-11 01:13:38 status unpacked libncurses6:amd64 6.4-4
2025-06-11 01:13:38 install libncurses-dev:amd64 <none> 6.4-4
2025-06-11 01:13:38 status half-installed libncurses-dev:amd64 6.4-4
2025-06-11 01:13:38 status unpacked libncurses-dev:amd64 6.4-4
2025-06-11 01:13:38 install libncurses5-dev:amd64 <none> 6.4-4
2025-06-11 01:13:38 status half-installed libncurses5-dev:amd64 6.4-4
2025-06-11 01:13:38 status unpacked libncurses5-dev:amd64 6.4-4
2025-06-11 01:13:38 install libncursesw5-dev:amd64 <none> 6.4-4
2025-06-11 01:13:38 status half-installed libncursesw5-dev:amd64 6.4-4
2025-06-11 01:13:38 status unpacked libncursesw5-dev:amd64 6.4-4
2025-06-11 01:13:38 install libpq5:amd64 <none> 15.13-0+deb12u1
2025-06-11 01:13:38 status half-installed libpq5:amd64 15.13-0+deb12u1
2025-06-11 01:13:38 status unpacked libpq5:amd64 15.13-0+deb12u1
2025-06-11 01:13:38 install libpq-dev:amd64 <none> 15.13-0+deb12u1
2025-06-11 01:13:38 status half-installed libpq-dev:amd64 15.13-0+deb12u1
2025-06-11 01:13:38 status unpacked libpq-dev:amd64 15.13-0+deb12u1
2025-06-11 01:13:38 install libreadline-dev:amd64 <none> 8.2-1.3
2025-06-11 01:13:38 status half-installed libreadline-dev:amd64 8.2-1.3
2025-06-11 01:13:38 status unpacked libreadline-dev:amd64 8.2-1.3
2025-06-11 01:13:38 install libsqlite3-dev:amd64 <none> 3.40.1-2+deb12u1
2025-06-11 01:13:38 status half-installed libsqlite3-dev:amd64 3.40.1-2+deb12u1
2025-06-11 01:13:38 status unpacked libsqlite3-dev:amd64 3.40.1-2+deb12u1
2025-06-11 01:13:38 install libtool:all <none> 2.4.7-7~deb12u1
2025-06-11 01:13:38 status half-installed libtool:all 2.4.7-7~deb12u1
2025-06-11 01:13:38 status unpacked libtool:all 2.4.7-7~deb12u1
2025-06-11 01:13:38 install libxslt1.1:amd64 <none> 1.1.35-1+deb12u1
2025-06-11 01:13:38 status half-installed libxslt1.1:amd64 1.1.35-1+deb12u1
2025-06-11 01:13:38 status unpacked libxslt1.1:amd64 1.1.35-1+deb12u1
2025-06-11 01:13:38 install libxslt1-dev:amd64 <none> 1.1.35-1+deb12u1
2025-06-11 01:13:38 status half-installed libxslt1-dev:amd64 1.1.35-1+deb12u1
2025-06-11 01:13:38 status unpacked libxslt1-dev:amd64 1.1.35-1+deb12u1
2025-06-11 01:13:38 install libyaml-0-2:amd64 <none> 0.2.5-1
2025-06-11 01:13:38 status half-installed libyaml-0-2:amd64 0.2.5-1
2025-06-11 01:13:38 status unpacked libyaml-0-2:amd64 0.2.5-1
2025-06-11 01:13:38 install libyaml-dev:amd64 <none> 0.2.5-1
2025-06-11 01:13:38 status half-installed libyaml-dev:amd64 0.2.5-1
2025-06-11 01:13:38 status unpacked libyaml-dev:amd64 0.2.5-1
2025-06-11 01:13:38 install unzip:amd64 <none> 6.0-28
2025-06-11 01:13:38 status half-installed unzip:amd64 6.0-28
2025-06-11 01:13:38 status unpacked unzip:amd64 6.0-28
2025-06-11 01:13:38 startup packages configure
2025-06-11 01:13:38 configure libgraphite2-3:amd64 1.3.14-1 <none>
2025-06-11 01:13:38 status unpacked libgraphite2-3:amd64 1.3.14-1
2025-06-11 01:13:38 status half-configured libgraphite2-3:amd64 1.3.14-1
2025-06-11 01:13:38 status installed libgraphite2-3:amd64 1.3.14-1
2025-06-11 01:13:38 configure liblcms2-2:amd64 2.14-2 <none>
2025-06-11 01:13:38 status unpacked liblcms2-2:amd64 2.14-2
2025-06-11 01:13:38 status half-configured liblcms2-2:amd64 2.14-2
2025-06-11 01:13:38 status installed liblcms2-2:amd64 2.14-2
2025-06-11 01:13:38 configure libpixman-1-0:amd64 0.42.2-1 <none>
2025-06-11 01:13:38 status unpacked libpixman-1-0:amd64 0.42.2-1
2025-06-11 01:13:38 status half-configured libpixman-1-0:amd64 0.42.2-1
2025-06-11 01:13:38 status installed libpixman-1-0:amd64 0.42.2-1
2025-06-11 01:13:38 configure libaom3:amd64 3.6.0-1+deb12u1 <none>
2025-06-11 01:13:38 status unpacked libaom3:amd64 3.6.0-1+deb12u1
2025-06-11 01:13:38 status half-configured libaom3:amd64 3.6.0-1+deb12u1
2025-06-11 01:13:38 status installed libaom3:amd64 3.6.0-1+deb12u1
2025-06-11 01:13:38 configure mysql-common:all 5.8+1.1.0 <none>
2025-06-11 01:13:38 status unpacked mysql-common:all 5.8+1.1.0
2025-06-11 01:13:38 status half-configured mysql-common:all 5.8+1.1.0
2025-06-11 01:13:38 status installed mysql-common:all 5.8+1.1.0
2025-06-11 01:13:38 configure libxau6:amd64 1:1.0.9-1 <none>
2025-06-11 01:13:38 status unpacked libxau6:amd64 1:1.0.9-1
2025-06-11 01:13:38 status half-configured libxau6:amd64 1:1.0.9-1
2025-06-11 01:13:38 status installed libxau6:amd64 1:1.0.9-1
2025-06-11 01:13:38 configure imagemagick-6-common:all 8:6.9.11.60+dfsg-1.6+deb12u3 <none>
2025-06-11 01:13:38 status unpacked imagemagick-6-common:all 8:6.9.11.60+dfsg-1.6+deb12u3
2025-06-11 01:13:38 status half-configured imagemagick-6-common:all 8:6.9.11.60+dfsg-1.6+deb12u3
2025-06-11 01:13:38 status installed imagemagick-6-common:all 8:6.9.11.60+dfsg-1.6+deb12u3
2025-06-11 01:13:38 configure libxdmcp6:amd64 1:1.1.2-3 <none>
2025-06-11 01:13:38 status unpacked libxdmcp6:amd64 1:1.1.2-3
2025-06-11 01:13:38 status half-configured libxdmcp6:amd64 1:1.1.2-3
2025-06-11 01:13:38 status installed libxdmcp6:amd64 1:1.1.2-3
2025-06-11 01:13:38 configure libxcb1:amd64 1.15-1 <none>
2025-06-11 01:13:38 status unpacked libxcb1:amd64 1.15-1
2025-06-11 01:13:38 status half-configured libxcb1:amd64 1.15-1
2025-06-11 01:13:38 status installed libxcb1:amd64 1.15-1
2025-06-11 01:13:38 configure libpixman-1-dev:amd64 0.42.2-1 <none>
2025-06-11 01:13:38 status unpacked libpixman-1-dev:amd64 0.42.2-1
2025-06-11 01:13:38 status half-configured libpixman-1-dev:amd64 0.42.2-1
2025-06-11 01:13:38 status installed libpixman-1-dev:amd64 0.42.2-1
2025-06-11 01:13:38 configure libicu72:amd64 72.1-3 <none>
2025-06-11 01:13:38 status unpacked libicu72:amd64 72.1-3
2025-06-11 01:13:38 status half-configured libicu72:amd64 72.1-3
2025-06-11 01:13:38 status installed libicu72:amd64 72.1-3
2025-06-11 01:13:38 configure liblerc4:amd64 4.0.0+ds-2 <none>
2025-06-11 01:13:38 status unpacked liblerc4:amd64 4.0.0+ds-2
2025-06-11 01:13:38 status half-configured liblerc4:amd64 4.0.0+ds-2
2025-06-11 01:13:38 status installed liblerc4:amd64 4.0.0+ds-2
2025-06-11 01:13:38 configure libzstd-dev:amd64 1.5.4+dfsg2-5 <none>
2025-06-11 01:13:38 status unpacked libzstd-dev:amd64 1.5.4+dfsg2-5
2025-06-11 01:13:38 status half-configured libzstd-dev:amd64 1.5.4+dfsg2-5
2025-06-11 01:13:38 status installed libzstd-dev:amd64 1.5.4+dfsg2-5
2025-06-11 01:13:38 configure hicolor-icon-theme:all 0.17-2 <none>
2025-06-11 01:13:38 status unpacked hicolor-icon-theme:all 0.17-2
2025-06-11 01:13:38 status half-configured hicolor-icon-theme:all 0.17-2
2025-06-11 01:13:38 status installed hicolor-icon-theme:all 0.17-2
2025-06-11 01:13:38 configure libwmflite-0.2-7:amd64 0.2.12-5.1 <none>
2025-06-11 01:13:38 status unpacked libwmflite-0.2-7:amd64 0.2.12-5.1
2025-06-11 01:13:38 status half-configured libwmflite-0.2-7:amd64 0.2.12-5.1
2025-06-11 01:13:38 status installed libwmflite-0.2-7:amd64 0.2.12-5.1
2025-06-11 01:13:38 configure libdatrie1:amd64 0.2.13-2+b1 <none>
2025-06-11 01:13:38 status unpacked libdatrie1:amd64 0.2.13-2+b1
2025-06-11 01:13:38 status half-configured libdatrie1:amd64 0.2.13-2+b1
2025-06-11 01:13:38 status installed libdatrie1:amd64 0.2.13-2+b1
2025-06-11 01:13:38 configure libmagic-mgc:amd64 1:5.44-3 <none>
2025-06-11 01:13:38 status unpacked libmagic-mgc:amd64 1:5.44-3
2025-06-11 01:13:38 status half-configured libmagic-mgc:amd64 1:5.44-3
2025-06-11 01:13:38 status installed libmagic-mgc:amd64 1:5.44-3
2025-06-11 01:13:38 configure libxcb-render0:amd64 1.15-1 <none>
2025-06-11 01:13:38 status unpacked libxcb-render0:amd64 1.15-1
2025-06-11 01:13:38 status half-configured libxcb-render0:amd64 1.15-1
2025-06-11 01:13:38 status installed libxcb-render0:amd64 1.15-1
2025-06-11 01:13:38 configure libyaml-0-2:amd64 0.2.5-1 <none>
2025-06-11 01:13:38 status unpacked libyaml-0-2:amd64 0.2.5-1
2025-06-11 01:13:38 status half-configured libyaml-0-2:amd64 0.2.5-1
2025-06-11 01:13:38 status installed libyaml-0-2:amd64 0.2.5-1
2025-06-11 01:13:38 configure libglib2.0-0:amd64 2.74.6-2+deb12u6 <none>
2025-06-11 01:13:38 status unpacked libglib2.0-0:amd64 2.74.6-2+deb12u6
2025-06-11 01:13:38 status half-configured libglib2.0-0:amd64 2.74.6-2+deb12u6
2025-06-11 01:13:38 status installed libglib2.0-0:amd64 2.74.6-2+deb12u6
2025-06-11 01:13:38 configure libmaxminddb0:amd64 1.7.1-1 <none>
2025-06-11 01:13:38 status unpacked libmaxminddb0:amd64 1.7.1-1
2025-06-11 01:13:38 status half-configured libmaxminddb0:amd64 1.7.1-1
2025-06-11 01:13:38 status installed libmaxminddb0:amd64 1.7.1-1
2025-06-11 01:13:38 configure unzip:amd64 6.0-28 <none>
2025-06-11 01:13:38 status unpacked unzip:amd64 6.0-28
2025-06-11 01:13:38 status half-configured unzip:amd64 6.0-28
2025-06-11 01:13:38 status installed unzip:amd64 6.0-28
2025-06-11 01:13:38 configure libmaxminddb-dev:amd64 1.7.1-1 <none>
2025-06-11 01:13:38 status unpacked libmaxminddb-dev:amd64 1.7.1-1
2025-06-11 01:13:38 status half-configured libmaxminddb-dev:amd64 1.7.1-1
2025-06-11 01:13:38 status installed libmaxminddb-dev:amd64 1.7.1-1
2025-06-11 01:13:38 configure libgdk-pixbuf2.0-common:all 2.42.10+dfsg-1+deb12u1 <none>
2025-06-11 01:13:38 status unpacked libgdk-pixbuf2.0-common:all 2.42.10+dfsg-1+deb12u1
2025-06-11 01:13:38 status half-configured libgdk-pixbuf2.0-common:all 2.42.10+dfsg-1+deb12u1
2025-06-11 01:13:38 status installed libgdk-pixbuf2.0-common:all 2.42.10+dfsg-1+deb12u1
2025-06-11 01:13:38 configure binutils-common:amd64 2.40-2 <none>
2025-06-11 01:13:38 status unpacked binutils-common:amd64 2.40-2
2025-06-11 01:13:38 status half-configured binutils-common:amd64 2.40-2
2025-06-11 01:13:38 status installed binutils-common:amd64 2.40-2
2025-06-11 01:13:38 configure x11-common:all 1:7.7+23 <none>
2025-06-11 01:13:38 status unpacked x11-common:all 1:7.7+23
2025-06-11 01:13:38 status half-configured x11-common:all 1:7.7+23
2025-06-11 01:13:38 status installed x11-common:all 1:7.7+23
2025-06-11 01:13:38 configure libmagic1:amd64 1:5.44-3 <none>
2025-06-11 01:13:38 status unpacked libmagic1:amd64 1:5.44-3
2025-06-11 01:13:38 status half-configured libmagic1:amd64 1:5.44-3
2025-06-11 01:13:38 status installed libmagic1:amd64 1:5.44-3
2025-06-11 01:13:38 configure libpq5:amd64 15.13-0+deb12u1 <none>
2025-06-11 01:13:38 status unpacked libpq5:amd64 15.13-0+deb12u1
2025-06-11 01:13:38 status half-configured libpq5:amd64 15.13-0+deb12u1
2025-06-11 01:13:38 status installed libpq5:amd64 15.13-0+deb12u1
2025-06-11 01:13:38 configure libdeflate0:amd64 1.14-1 <none>
2025-06-11 01:13:38 status unpacked libdeflate0:amd64 1.14-1
2025-06-11 01:13:38 status half-configured libdeflate0:amd64 1.14-1
2025-06-11 01:13:38 status installed libdeflate0:amd64 1.14-1
2025-06-11 01:13:38 configure linux-libc-dev:amd64 6.1.140-1 <none>
2025-06-11 01:13:38 status unpacked linux-libc-dev:amd64 6.1.140-1
2025-06-11 01:13:38 status half-configured linux-libc-dev:amd64 6.1.140-1
2025-06-11 01:13:38 status installed linux-libc-dev:amd64 6.1.140-1
2025-06-11 01:13:38 configure libctf-nobfd0:amd64 2.40-2 <none>
2025-06-11 01:13:38 status unpacked libctf-nobfd0:amd64 2.40-2
2025-06-11 01:13:38 status half-configured libctf-nobfd0:amd64 2.40-2
2025-06-11 01:13:38 status installed libctf-nobfd0:amd64 2.40-2
2025-06-11 01:13:38 configure m4:amd64 1.4.19-3 <none>
2025-06-11 01:13:38 status unpacked m4:amd64 1.4.19-3
2025-06-11 01:13:38 status half-configured m4:amd64 1.4.19-3
2025-06-11 01:13:38 status installed m4:amd64 1.4.19-3
2025-06-11 01:13:38 configure liblzo2-2:amd64 2.10-2 <none>
2025-06-11 01:13:38 status unpacked liblzo2-2:amd64 2.10-2
2025-06-11 01:13:38 status half-configured liblzo2-2:amd64 2.10-2
2025-06-11 01:13:38 status installed liblzo2-2:amd64 2.10-2
2025-06-11 01:13:38 configure libxcb-shm0:amd64 1.15-1 <none>
2025-06-11 01:13:38 status unpacked libxcb-shm0:amd64 1.15-1
2025-06-11 01:13:38 status half-configured libxcb-shm0:amd64 1.15-1
2025-06-11 01:13:38 status installed libxcb-shm0:amd64 1.15-1
2025-06-11 01:13:38 configure file:amd64 1:5.44-3 <none>
2025-06-11 01:13:38 status unpacked file:amd64 1:5.44-3
2025-06-11 01:13:38 status half-configured file:amd64 1:5.44-3
2025-06-11 01:13:38 status installed file:amd64 1:5.44-3
2025-06-11 01:13:38 configure libgomp1:amd64 12.2.0-14+deb12u1 <none>
2025-06-11 01:13:38 status unpacked libgomp1:amd64 12.2.0-14+deb12u1
2025-06-11 01:13:38 status half-configured libgomp1:amd64 12.2.0-14+deb12u1
2025-06-11 01:13:38 status installed libgomp1:amd64 12.2.0-14+deb12u1
2025-06-11 01:13:38 configure libimath-3-1-29:amd64 3.1.6-1 <none>
2025-06-11 01:13:38 status unpacked libimath-3-1-29:amd64 3.1.6-1
2025-06-11 01:13:38 status half-configured libimath-3-1-29:amd64 3.1.6-1
2025-06-11 01:13:38 status installed libimath-3-1-29:amd64 3.1.6-1
2025-06-11 01:13:38 configure bzip2:amd64 1.0.8-5+b1 <none>
2025-06-11 01:13:38 status unpacked bzip2:amd64 1.0.8-5+b1
2025-06-11 01:13:38 status half-configured bzip2:amd64 1.0.8-5+b1
2025-06-11 01:13:38 status installed bzip2:amd64 1.0.8-5+b1
2025-06-11 01:13:38 configure libffi-dev:amd64 3.4.4-1 <none>
2025-06-11 01:13:38 status unpacked libffi-dev:amd64 3.4.4-1
2025-06-11 01:13:38 status half-configured libffi-dev:amd64 3.4.4-1
2025-06-11 01:13:38 status installed libffi-dev:amd64 3.4.4-1
2025-06-11 01:13:38 configure libpthread-stubs0-dev:amd64 0.4-1 <none>
2025-06-11 01:13:38 status unpacked libpthread-stubs0-dev:amd64 0.4-1
2025-06-11 01:13:38 status half-configured libpthread-stubs0-dev:amd64 0.4-1
2025-06-11 01:13:38 status installed libpthread-stubs0-dev:amd64 0.4-1
2025-06-11 01:13:38 configure libjbig0:amd64 2.1-6.1 <none>
2025-06-11 01:13:38 status unpacked libjbig0:amd64 2.1-6.1
2025-06-11 01:13:38 status half-configured libjbig0:amd64 2.1-6.1
2025-06-11 01:13:38 status installed libjbig0:amd64 2.1-6.1
2025-06-11 01:13:38 configure libpcre2-16-0:amd64 10.42-1 <none>
2025-06-11 01:13:38 status unpacked libpcre2-16-0:amd64 10.42-1
2025-06-11 01:13:39 status half-configured libpcre2-16-0:amd64 10.42-1
2025-06-11 01:13:39 status installed libpcre2-16-0:amd64 10.42-1
2025-06-11 01:13:39 configure libjansson4:amd64 2.14-2 <none>
2025-06-11 01:13:39 status unpacked libjansson4:amd64 2.14-2
2025-06-11 01:13:39 status half-configured libjansson4:amd64 2.14-2
2025-06-11 01:13:39 status installed libjansson4:amd64 2.14-2
2025-06-11 01:13:39 configure mariadb-common:all 1:10.11.11-0+deb12u1 <none>
2025-06-11 01:13:39 status unpacked mariadb-common:all 1:10.11.11-0+deb12u1
2025-06-11 01:13:39 status half-configured mariadb-common:all 1:10.11.11-0+deb12u1
2025-06-11 01:13:39 status installed mariadb-common:all 1:10.11.11-0+deb12u1
2025-06-11 01:13:39 configure libgssrpc4:amd64 1.20.1-2+deb12u3 <none>
2025-06-11 01:13:39 status unpacked libgssrpc4:amd64 1.20.1-2+deb12u3
2025-06-11 01:13:39 status half-configured libgssrpc4:amd64 1.20.1-2+deb12u3
2025-06-11 01:13:39 status installed libgssrpc4:amd64 1.20.1-2+deb12u3
2025-06-11 01:13:39 configure xtrans-dev:all 1.4.0-1 <none>
2025-06-11 01:13:39 status unpacked xtrans-dev:all 1.4.0-1
2025-06-11 01:13:39 status half-configured xtrans-dev:all 1.4.0-1
2025-06-11 01:13:39 status installed xtrans-dev:all 1.4.0-1
2025-06-11 01:13:39 configure autotools-dev:all 20220109.1 <none>
2025-06-11 01:13:39 status unpacked autotools-dev:all 20220109.1
2025-06-11 01:13:39 status half-configured autotools-dev:all 20220109.1
2025-06-11 01:13:39 status installed autotools-dev:all 20220109.1
2025-06-11 01:13:39 configure libpcre2-32-0:amd64 10.42-1 <none>
2025-06-11 01:13:39 status unpacked libpcre2-32-0:amd64 10.42-1
2025-06-11 01:13:39 status half-configured libpcre2-32-0:amd64 10.42-1
2025-06-11 01:13:39 status installed libpcre2-32-0:amd64 10.42-1
2025-06-11 01:13:39 configure libglib2.0-data:all 2.74.6-2+deb12u6 <none>
2025-06-11 01:13:39 status unpacked libglib2.0-data:all 2.74.6-2+deb12u6
2025-06-11 01:13:39 status half-configured libglib2.0-data:all 2.74.6-2+deb12u6
2025-06-11 01:13:39 status installed libglib2.0-data:all 2.74.6-2+deb12u6
2025-06-11 01:13:39 configure libtirpc-dev:amd64 1.3.3+ds-1 <none>
2025-06-11 01:13:39 status unpacked libtirpc-dev:amd64 1.3.3+ds-1
2025-06-11 01:13:39 status half-configured libtirpc-dev:amd64 1.3.3+ds-1
2025-06-11 01:13:39 status installed libtirpc-dev:amd64 1.3.3+ds-1
2025-06-11 01:13:39 configure libpkgconf3:amd64 1.8.1-1 <none>
2025-06-11 01:13:39 status unpacked libpkgconf3:amd64 1.8.1-1
2025-06-11 01:13:39 status half-configured libpkgconf3:amd64 1.8.1-1
2025-06-11 01:13:39 status installed libpkgconf3:amd64 1.8.1-1
2025-06-11 01:13:39 configure libgmpxx4ldbl:amd64 2:6.2.1+dfsg1-1.1 <none>
2025-06-11 01:13:39 status unpacked libgmpxx4ldbl:amd64 2:6.2.1+dfsg1-1.1
2025-06-11 01:13:39 status half-configured libgmpxx4ldbl:amd64 2:6.2.1+dfsg1-1.1
2025-06-11 01:13:39 status installed libgmpxx4ldbl:amd64 2:6.2.1+dfsg1-1.1
2025-06-11 01:13:39 configure rpcsvc-proto:amd64 1.4.3-1 <none>
2025-06-11 01:13:39 status unpacked rpcsvc-proto:amd64 1.4.3-1
2025-06-11 01:13:39 status half-configured rpcsvc-proto:amd64 1.4.3-1
2025-06-11 01:13:39 status installed rpcsvc-proto:amd64 1.4.3-1
2025-06-11 01:13:39 configure libjpeg62-turbo:amd64 1:2.1.5-2 <none>
2025-06-11 01:13:39 status unpacked libjpeg62-turbo:amd64 1:2.1.5-2
2025-06-11 01:13:39 status half-configured libjpeg62-turbo:amd64 1:2.1.5-2
2025-06-11 01:13:39 status installed libjpeg62-turbo:amd64 1:2.1.5-2
2025-06-11 01:13:39 configure libx11-data:all 2:1.8.4-2+deb12u2 <none>
2025-06-11 01:13:39 status unpacked libx11-data:all 2:1.8.4-2+deb12u2
2025-06-11 01:13:39 status half-configured libx11-data:all 2:1.8.4-2+deb12u2
2025-06-11 01:13:39 status installed libx11-data:all 2:1.8.4-2+deb12u2
2025-06-11 01:13:39 configure make:amd64 4.3-4.1 <none>
2025-06-11 01:13:39 status unpacked make:amd64 4.3-4.1
2025-06-11 01:13:39 status half-configured make:amd64 4.3-4.1
2025-06-11 01:13:39 status installed make:amd64 4.3-4.1
2025-06-11 01:13:39 configure libmpfr6:amd64 4.2.0-1 <none>
2025-06-11 01:13:39 status unpacked libmpfr6:amd64 4.2.0-1
2025-06-11 01:13:39 status half-configured libmpfr6:amd64 4.2.0-1
2025-06-11 01:13:39 status installed libmpfr6:amd64 4.2.0-1
2025-06-11 01:13:39 configure libcurl4-openssl-dev:amd64 7.88.1-10+deb12u12 <none>
2025-06-11 01:13:39 status unpacked libcurl4-openssl-dev:amd64 7.88.1-10+deb12u12
2025-06-11 01:13:39 status half-configured libcurl4-openssl-dev:amd64 7.88.1-10+deb12u12
2025-06-11 01:13:39 status installed libcurl4-openssl-dev:amd64 7.88.1-10+deb12u12
2025-06-11 01:13:39 configure libncurses6:amd64 6.4-4 <none>
2025-06-11 01:13:39 status unpacked libncurses6:amd64 6.4-4
2025-06-11 01:13:39 status half-configured libncurses6:amd64 6.4-4
2025-06-11 01:13:39 status installed libncurses6:amd64 6.4-4
2025-06-11 01:13:39 configure xz-utils:amd64 5.4.1-1 <none>
2025-06-11 01:13:39 status unpacked xz-utils:amd64 5.4.1-1
2025-06-11 01:13:39 status half-configured xz-utils:amd64 5.4.1-1
2025-06-11 01:13:39 status installed xz-utils:amd64 5.4.1-1
2025-06-11 01:13:39 configure libopenexr-3-1-30:amd64 3.1.5-5 <none>
2025-06-11 01:13:39 status unpacked libopenexr-3-1-30:amd64 3.1.5-5
2025-06-11 01:13:39 status half-configured libopenexr-3-1-30:amd64 3.1.5-5
2025-06-11 01:13:39 status installed libopenexr-3-1-30:amd64 3.1.5-5
2025-06-11 01:13:39 configure libfribidi0:amd64 1.0.8-2.1 <none>
2025-06-11 01:13:39 status unpacked libfribidi0:amd64 1.0.8-2.1
2025-06-11 01:13:39 status half-configured libfribidi0:amd64 1.0.8-2.1
2025-06-11 01:13:39 status installed libfribidi0:amd64 1.0.8-2.1
2025-06-11 01:13:39 configure libquadmath0:amd64 12.2.0-14+deb12u1 <none>
2025-06-11 01:13:39 status unpacked libquadmath0:amd64 12.2.0-14+deb12u1
2025-06-11 01:13:39 status half-configured libquadmath0:amd64 12.2.0-14+deb12u1
2025-06-11 01:13:39 status installed libquadmath0:amd64 12.2.0-14+deb12u1
2025-06-11 01:13:39 configure libexif12:amd64 0.6.24-1+b1 <none>
2025-06-11 01:13:39 status unpacked libexif12:amd64 0.6.24-1+b1
2025-06-11 01:13:39 status half-configured libexif12:amd64 0.6.24-1+b1
2025-06-11 01:13:39 status installed libexif12:amd64 0.6.24-1+b1
2025-06-11 01:13:39 configure libssl-dev:amd64 3.0.16-1~deb12u1 <none>
2025-06-11 01:13:39 status unpacked libssl-dev:amd64 3.0.16-1~deb12u1
2025-06-11 01:13:39 status half-configured libssl-dev:amd64 3.0.16-1~deb12u1
2025-06-11 01:13:39 status installed libssl-dev:amd64 3.0.16-1~deb12u1
2025-06-11 01:13:39 configure libpng16-16:amd64 1.6.39-2 <none>
2025-06-11 01:13:39 status unpacked libpng16-16:amd64 1.6.39-2
2025-06-11 01:13:39 status half-configured libpng16-16:amd64 1.6.39-2
2025-06-11 01:13:39 status installed libpng16-16:amd64 1.6.39-2
2025-06-11 01:13:39 configure libmpc3:amd64 1.3.1-1 <none>
2025-06-11 01:13:39 status unpacked libmpc3:amd64 1.3.1-1
2025-06-11 01:13:39 status half-configured libmpc3:amd64 1.3.1-1
2025-06-11 01:13:39 status installed libmpc3:amd64 1.3.1-1
2025-06-11 01:13:39 configure libevent-core-2.1-7:amd64 2.1.12-stable-8 <none>
2025-06-11 01:13:39 status unpacked libevent-core-2.1-7:amd64 2.1.12-stable-8
2025-06-11 01:13:39 status half-configured libevent-core-2.1-7:amd64 2.1.12-stable-8
2025-06-11 01:13:39 status installed libevent-core-2.1-7:amd64 2.1.12-stable-8
2025-06-11 01:13:39 configure libatomic1:amd64 12.2.0-14+deb12u1 <none>
2025-06-11 01:13:39 status unpacked libatomic1:amd64 12.2.0-14+deb12u1
2025-06-11 01:13:39 status half-configured libatomic1:amd64 12.2.0-14+deb12u1
2025-06-11 01:13:39 status installed libatomic1:amd64 12.2.0-14+deb12u1
2025-06-11 01:13:39 configure libevent-2.1-7:amd64 2.1.12-stable-8 <none>
2025-06-11 01:13:39 status unpacked libevent-2.1-7:amd64 2.1.12-stable-8
2025-06-11 01:13:39 status half-configured libevent-2.1-7:amd64 2.1.12-stable-8
2025-06-11 01:13:39 status installed libevent-2.1-7:amd64 2.1.12-stable-8
2025-06-11 01:13:39 configure patch:amd64 2.7.6-7 <none>
2025-06-11 01:13:39 status unpacked patch:amd64 2.7.6-7
2025-06-11 01:13:39 status half-configured patch:amd64 2.7.6-7
2025-06-11 01:13:39 status installed patch:amd64 2.7.6-7
2025-06-11 01:13:39 configure icu-devtools:amd64 72.1-3 <none>
2025-06-11 01:13:39 status unpacked icu-devtools:amd64 72.1-3
2025-06-11 01:13:39 status half-configured icu-devtools:amd64 72.1-3
2025-06-11 01:13:39 status installed icu-devtools:amd64 72.1-3
2025-06-11 01:13:39 configure libmariadb3:amd64 1:10.11.11-0+deb12u1 <none>
2025-06-11 01:13:39 status unpacked libmariadb3:amd64 1:10.11.11-0+deb12u1
2025-06-11 01:13:39 status half-configured libmariadb3:amd64 1:10.11.11-0+deb12u1
2025-06-11 01:13:39 status installed libmariadb3:amd64 1:10.11.11-0+deb12u1
2025-06-11 01:13:39 configure fonts-dejavu-core:all 2.37-6 <none>
2025-06-11 01:13:39 status unpacked fonts-dejavu-core:all 2.37-6
2025-06-11 01:13:39 status half-configured fonts-dejavu-core:all 2.37-6
2025-06-11 01:13:39 status installed fonts-dejavu-core:all 2.37-6
2025-06-11 01:13:39 configure libsepol-dev:amd64 3.4-2.1 <none>
2025-06-11 01:13:39 status unpacked libsepol-dev:amd64 3.4-2.1
2025-06-11 01:13:39 status half-configured libsepol-dev:amd64 3.4-2.1
2025-06-11 01:13:39 status installed libsepol-dev:amd64 3.4-2.1
2025-06-11 01:13:39 configure pkgconf-bin:amd64 1.8.1-1 <none>
2025-06-11 01:13:39 status unpacked pkgconf-bin:amd64 1.8.1-1
2025-06-11 01:13:39 status half-configured pkgconf-bin:amd64 1.8.1-1
2025-06-11 01:13:39 status installed pkgconf-bin:amd64 1.8.1-1
2025-06-11 01:13:39 configure liblerc-dev:amd64 4.0.0+ds-2 <none>
2025-06-11 01:13:39 status unpacked liblerc-dev:amd64 4.0.0+ds-2
2025-06-11 01:13:39 status half-configured liblerc-dev:amd64 4.0.0+ds-2
2025-06-11 01:13:39 status installed liblerc-dev:amd64 4.0.0+ds-2
2025-06-11 01:13:39 configure libdav1d6:amd64 1.0.0-2+deb12u1 <none>
2025-06-11 01:13:39 status unpacked libdav1d6:amd64 1.0.0-2+deb12u1
2025-06-11 01:13:39 status half-configured libdav1d6:amd64 1.0.0-2+deb12u1
2025-06-11 01:13:39 status installed libdav1d6:amd64 1.0.0-2+deb12u1
2025-06-11 01:13:39 configure libltdl7:amd64 2.4.7-7~deb12u1 <none>
2025-06-11 01:13:39 status unpacked libltdl7:amd64 2.4.7-7~deb12u1
2025-06-11 01:13:39 status half-configured libltdl7:amd64 2.4.7-7~deb12u1
2025-06-11 01:13:39 status installed libltdl7:amd64 2.4.7-7~deb12u1
2025-06-11 01:13:39 configure libfftw3-double3:amd64 3.3.10-1 <none>
2025-06-11 01:13:39 status unpacked libfftw3-double3:amd64 3.3.10-1
2025-06-11 01:13:39 status half-configured libfftw3-double3:amd64 3.3.10-1
2025-06-11 01:13:39 status installed libfftw3-double3:amd64 3.3.10-1
2025-06-11 01:13:39 configure libdpkg-perl:all 1.21.22 <none>
2025-06-11 01:13:39 status unpacked libdpkg-perl:all 1.21.22
2025-06-11 01:13:39 status half-configured libdpkg-perl:all 1.21.22
2025-06-11 01:13:39 status installed libdpkg-perl:all 1.21.22
2025-06-11 01:13:39 configure autoconf:all 2.71-3 <none>
2025-06-11 01:13:39 status unpacked autoconf:all 2.71-3
2025-06-11 01:13:39 status half-configured autoconf:all 2.71-3
2025-06-11 01:13:39 status installed autoconf:all 2.71-3
2025-06-11 01:13:39 configure libwebp7:amd64 1.2.4-0.2+deb12u1 <none>
2025-06-11 01:13:39 status unpacked libwebp7:amd64 1.2.4-0.2+deb12u1
2025-06-11 01:13:39 status half-configured libwebp7:amd64 1.2.4-0.2+deb12u1
2025-06-11 01:13:39 status installed libwebp7:amd64 1.2.4-0.2+deb12u1
2025-06-11 01:13:39 configure liblcms2-dev:amd64 2.14-2 <none>
2025-06-11 01:13:39 status unpacked liblcms2-dev:amd64 2.14-2
2025-06-11 01:13:39 status half-configured liblcms2-dev:amd64 2.14-2
2025-06-11 01:13:39 status installed liblcms2-dev:amd64 2.14-2
2025-06-11 01:13:39 configure liblzma-dev:amd64 5.4.1-1 <none>
2025-06-11 01:13:39 status unpacked liblzma-dev:amd64 5.4.1-1
2025-06-11 01:13:39 status half-configured liblzma-dev:amd64 5.4.1-1
2025-06-11 01:13:39 status installed liblzma-dev:amd64 5.4.1-1
2025-06-11 01:13:39 configure libubsan1:amd64 12.2.0-14+deb12u1 <none>
2025-06-11 01:13:39 status unpacked libubsan1:amd64 12.2.0-14+deb12u1
2025-06-11 01:13:39 status half-configured libubsan1:amd64 12.2.0-14+deb12u1
2025-06-11 01:13:39 status installed libubsan1:amd64 12.2.0-14+deb12u1
2025-06-11 01:13:39 configure libnuma1:amd64 2.0.16-1 <none>
2025-06-11 01:13:39 status unpacked libnuma1:amd64 2.0.16-1
2025-06-11 01:13:39 status half-configured libnuma1:amd64 2.0.16-1
2025-06-11 01:13:39 status installed libnuma1:amd64 2.0.16-1
2025-06-11 01:13:39 configure libpcre2-posix3:amd64 10.42-1 <none>
2025-06-11 01:13:39 status unpacked libpcre2-posix3:amd64 10.42-1
2025-06-11 01:13:39 status half-configured libpcre2-posix3:amd64 10.42-1
2025-06-11 01:13:39 status installed libpcre2-posix3:amd64 10.42-1
2025-06-11 01:13:39 configure liblqr-1-0:amd64 0.4.2-2.1 <none>
2025-06-11 01:13:39 status unpacked liblqr-1-0:amd64 0.4.2-2.1
2025-06-11 01:13:39 status half-configured liblqr-1-0:amd64 0.4.2-2.1
2025-06-11 01:13:39 status installed liblqr-1-0:amd64 0.4.2-2.1
2025-06-11 01:13:39 configure libnsl-dev:amd64 1.3.0-2 <none>
2025-06-11 01:13:39 status unpacked libnsl-dev:amd64 1.3.0-2
2025-06-11 01:13:39 status half-configured libnsl-dev:amd64 1.3.0-2
2025-06-11 01:13:39 status installed libnsl-dev:amd64 1.3.0-2
2025-06-11 01:13:39 configure libdb5.3-dev:amd64 5.3.28+dfsg2-1 <none>
2025-06-11 01:13:39 status unpacked libdb5.3-dev:amd64 5.3.28+dfsg2-1
2025-06-11 01:13:39 status half-configured libdb5.3-dev:amd64 5.3.28+dfsg2-1
2025-06-11 01:13:39 status installed libdb5.3-dev:amd64 5.3.28+dfsg2-1
2025-06-11 01:13:39 configure libcrypt-dev:amd64 1:4.4.33-2 <none>
2025-06-11 01:13:39 status unpacked libcrypt-dev:amd64 1:4.4.33-2
2025-06-11 01:13:39 status half-configured libcrypt-dev:amd64 1:4.4.33-2
2025-06-11 01:13:39 status installed libcrypt-dev:amd64 1:4.4.33-2
2025-06-11 01:13:39 configure libtiff6:amd64 4.5.0-6+deb12u2 <none>
2025-06-11 01:13:39 status unpacked libtiff6:amd64 4.5.0-6+deb12u2
2025-06-11 01:13:39 status half-configured libtiff6:amd64 4.5.0-6+deb12u2
2025-06-11 01:13:39 status installed libtiff6:amd64 4.5.0-6+deb12u2
2025-06-11 01:13:39 configure libasan8:amd64 12.2.0-14+deb12u1 <none>
2025-06-11 01:13:39 status unpacked libasan8:amd64 12.2.0-14+deb12u1
2025-06-11 01:13:39 status half-configured libasan8:amd64 12.2.0-14+deb12u1
2025-06-11 01:13:39 status installed libasan8:amd64 12.2.0-14+deb12u1
2025-06-11 01:13:39 configure libopenjp2-7:amd64 2.5.0-2+deb12u1 <none>
2025-06-11 01:13:39 status unpacked libopenjp2-7:amd64 2.5.0-2+deb12u1
2025-06-11 01:13:39 status half-configured libopenjp2-7:amd64 2.5.0-2+deb12u1
2025-06-11 01:13:39 status installed libopenjp2-7:amd64 2.5.0-2+deb12u1
2025-06-11 01:13:39 configure libx11-6:amd64 2:1.8.4-2+deb12u2 <none>
2025-06-11 01:13:39 status unpacked libx11-6:amd64 2:1.8.4-2+deb12u2
2025-06-11 01:13:39 status half-configured libx11-6:amd64 2:1.8.4-2+deb12u2
2025-06-11 01:13:39 status installed libx11-6:amd64 2:1.8.4-2+deb12u2
2025-06-11 01:13:39 configure libthai-data:all 0.1.29-1 <none>
2025-06-11 01:13:39 status unpacked libthai-data:all 0.1.29-1
2025-06-11 01:13:39 status half-configured libthai-data:all 0.1.29-1
2025-06-11 01:13:39 status installed libthai-data:all 0.1.29-1
2025-06-11 01:13:39 configure libgirepository-1.0-1:amd64 1.74.0-3 <none>
2025-06-11 01:13:39 status unpacked libgirepository-1.0-1:amd64 1.74.0-3
2025-06-11 01:13:39 status half-configured libgirepository-1.0-1:amd64 1.74.0-3
2025-06-11 01:13:39 status installed libgirepository-1.0-1:amd64 1.74.0-3
2025-06-11 01:13:39 configure xorg-sgml-doctools:all 1:1.11-1.1 <none>
2025-06-11 01:13:39 status unpacked xorg-sgml-doctools:all 1:1.11-1.1
2025-06-11 01:13:39 status half-configured xorg-sgml-doctools:all 1:1.11-1.1
2025-06-11 01:13:39 status installed xorg-sgml-doctools:all 1:1.11-1.1
2025-06-11 01:13:39 configure libmagickcore-6-headers:all 8:6.9.11.60+dfsg-1.6+deb12u3 <none>
2025-06-11 01:13:39 status unpacked libmagickcore-6-headers:all 8:6.9.11.60+dfsg-1.6+deb12u3
2025-06-11 01:13:39 status half-configured libmagickcore-6-headers:all 8:6.9.11.60+dfsg-1.6+deb12u3
2025-06-11 01:13:39 status installed libmagickcore-6-headers:all 8:6.9.11.60+dfsg-1.6+deb12u3
2025-06-11 01:13:39 configure libdjvulibre-text:all 3.5.28-2 <none>
2025-06-11 01:13:39 status unpacked libdjvulibre-text:all 3.5.28-2
2025-06-11 01:13:39 status half-configured libdjvulibre-text:all 3.5.28-2
2025-06-11 01:13:39 status installed libdjvulibre-text:all 3.5.28-2
2025-06-11 01:13:39 configure libtsan2:amd64 12.2.0-14+deb12u1 <none>
2025-06-11 01:13:39 status unpacked libtsan2:amd64 12.2.0-14+deb12u1
2025-06-11 01:13:39 status half-configured libtsan2:amd64 12.2.0-14+deb12u1
2025-06-11 01:13:39 status installed libtsan2:amd64 12.2.0-14+deb12u1
2025-06-11 01:13:39 configure libbinutils:amd64 2.40-2 <none>
2025-06-11 01:13:39 status unpacked libbinutils:amd64 2.40-2
2025-06-11 01:13:39 status half-configured libbinutils:amd64 2.40-2
2025-06-11 01:13:39 status installed libbinutils:amd64 2.40-2
2025-06-11 01:13:39 configure libisl23:amd64 0.25-1.1 <none>
2025-06-11 01:13:39 status unpacked libisl23:amd64 0.25-1.1
2025-06-11 01:13:39 status half-configured libisl23:amd64 0.25-1.1
2025-06-11 01:13:39 status installed libisl23:amd64 0.25-1.1
2025-06-11 01:13:39 configure libde265-0:amd64 1.0.11-1+deb12u2 <none>
2025-06-11 01:13:39 status unpacked libde265-0:amd64 1.0.11-1+deb12u2
2025-06-11 01:13:39 status half-configured libde265-0:amd64 1.0.11-1+deb12u2
2025-06-11 01:13:39 status installed libde265-0:amd64 1.0.11-1+deb12u2
2025-06-11 01:13:39 configure libc-dev-bin:amd64 2.36-9+deb12u10 <none>
2025-06-11 01:13:39 status unpacked libc-dev-bin:amd64 2.36-9+deb12u10
2025-06-11 01:13:39 status half-configured libc-dev-bin:amd64 2.36-9+deb12u10
2025-06-11 01:13:39 status installed libc-dev-bin:amd64 2.36-9+deb12u10
2025-06-11 01:13:39 configure libwebpmux3:amd64 1.2.4-0.2+deb12u1 <none>
2025-06-11 01:13:39 status unpacked libwebpmux3:amd64 1.2.4-0.2+deb12u1
2025-06-11 01:13:39 status half-configured libwebpmux3:amd64 1.2.4-0.2+deb12u1
2025-06-11 01:13:39 status installed libwebpmux3:amd64 1.2.4-0.2+deb12u1
2025-06-11 01:13:39 configure libtiffxx6:amd64 4.5.0-6+deb12u2 <none>
2025-06-11 01:13:39 status unpacked libtiffxx6:amd64 4.5.0-6+deb12u2
2025-06-11 01:13:39 status half-configured libtiffxx6:amd64 4.5.0-6+deb12u2
2025-06-11 01:13:39 status installed libtiffxx6:amd64 4.5.0-6+deb12u2
2025-06-11 01:13:39 configure python3-lib2to3:all 3.11.2-3 <none>
2025-06-11 01:13:39 status unpacked python3-lib2to3:all 3.11.2-3
2025-06-11 01:13:39 status half-configured python3-lib2to3:all 3.11.2-3
2025-06-11 01:13:39 status installed python3-lib2to3:all 3.11.2-3
2025-06-11 01:13:39 configure libdeflate-dev:amd64 1.14-1 <none>
2025-06-11 01:13:39 status unpacked libdeflate-dev:amd64 1.14-1
2025-06-11 01:13:39 status half-configured libdeflate-dev:amd64 1.14-1
2025-06-11 01:13:39 status installed libdeflate-dev:amd64 1.14-1
2025-06-11 01:13:39 configure libelf1:amd64 0.188-2.1 <none>
2025-06-11 01:13:39 status unpacked libelf1:amd64 0.188-2.1
2025-06-11 01:13:39 status half-configured libelf1:amd64 0.188-2.1
2025-06-11 01:13:39 status installed libelf1:amd64 0.188-2.1
2025-06-11 01:13:39 configure libxml2:amd64 2.9.14+dfsg-1.3~deb12u1 <none>
2025-06-11 01:13:39 status unpacked libxml2:amd64 2.9.14+dfsg-1.3~deb12u1
2025-06-11 01:13:39 status half-configured libxml2:amd64 2.9.14+dfsg-1.3~deb12u1
2025-06-11 01:13:39 status installed libxml2:amd64 2.9.14+dfsg-1.3~deb12u1
2025-06-11 01:13:39 configure libcc1-0:amd64 12.2.0-14+deb12u1 <none>
2025-06-11 01:13:39 status unpacked libcc1-0:amd64 12.2.0-14+deb12u1
2025-06-11 01:13:39 status half-configured libcc1-0:amd64 12.2.0-14+deb12u1
2025-06-11 01:13:39 status installed libcc1-0:amd64 12.2.0-14+deb12u1
2025-06-11 01:13:39 configure libbrotli-dev:amd64 1.0.9-2+b6 <none>
2025-06-11 01:13:39 status unpacked libbrotli-dev:amd64 1.0.9-2+b6
2025-06-11 01:13:39 status half-configured libbrotli-dev:amd64 1.0.9-2+b6
2025-06-11 01:13:39 status installed libbrotli-dev:amd64 1.0.9-2+b6
2025-06-11 01:13:39 configure liblsan0:amd64 12.2.0-14+deb12u1 <none>
2025-06-11 01:13:39 status unpacked liblsan0:amd64 12.2.0-14+deb12u1
2025-06-11 01:13:39 status half-configured liblsan0:amd64 12.2.0-14+deb12u1
2025-06-11 01:13:39 status installed liblsan0:amd64 12.2.0-14+deb12u1
2025-06-11 01:13:39 configure libitm1:amd64 12.2.0-14+deb12u1 <none>
2025-06-11 01:13:39 status unpacked libitm1:amd64 12.2.0-14+deb12u1
2025-06-11 01:13:39 status half-configured libitm1:amd64 12.2.0-14+deb12u1
2025-06-11 01:13:39 status installed libitm1:amd64 12.2.0-14+deb12u1
2025-06-11 01:13:39 configure libkadm5clnt-mit12:amd64 1.20.1-2+deb12u3 <none>
2025-06-11 01:13:39 status unpacked libkadm5clnt-mit12:amd64 1.20.1-2+deb12u3
2025-06-11 01:13:39 status half-configured libkadm5clnt-mit12:amd64 1.20.1-2+deb12u3
2025-06-11 01:13:39 status installed libkadm5clnt-mit12:amd64 1.20.1-2+deb12u3
2025-06-11 01:13:39 configure libevent-pthreads-2.1-7:amd64 2.1.12-stable-8 <none>
2025-06-11 01:13:39 status unpacked libevent-pthreads-2.1-7:amd64 2.1.12-stable-8
2025-06-11 01:13:39 status half-configured libevent-pthreads-2.1-7:amd64 2.1.12-stable-8
2025-06-11 01:13:39 status installed libevent-pthreads-2.1-7:amd64 2.1.12-stable-8
2025-06-11 01:13:39 configure libctf0:amd64 2.40-2 <none>
2025-06-11 01:13:39 status unpacked libctf0:amd64 2.40-2
2025-06-11 01:13:39 status half-configured libctf0:amd64 2.40-2
2025-06-11 01:13:39 status installed libctf0:amd64 2.40-2
2025-06-11 01:13:39 configure automake:all 1:1.16.5-1.3 <none>
2025-06-11 01:13:39 status unpacked automake:all 1:1.16.5-1.3
2025-06-11 01:13:39 status half-configured automake:all 1:1.16.5-1.3
2025-06-11 01:13:39 status installed automake:all 1:1.16.5-1.3
2025-06-11 01:13:39 configure python3-distutils:all 3.11.2-3 <none>
2025-06-11 01:13:39 status unpacked python3-distutils:all 3.11.2-3
2025-06-11 01:13:39 status half-configured python3-distutils:all 3.11.2-3
2025-06-11 01:13:39 status installed python3-distutils:all 3.11.2-3
2025-06-11 01:13:39 configure x11proto-dev:all 2022.1-1 <none>
2025-06-11 01:13:39 status unpacked x11proto-dev:all 2022.1-1
2025-06-11 01:13:39 status half-configured x11proto-dev:all 2022.1-1
2025-06-11 01:13:39 status installed x11proto-dev:all 2022.1-1
2025-06-11 01:13:39 configure libglib2.0-dev-bin:amd64 2.74.6-2+deb12u6 <none>
2025-06-11 01:13:39 status unpacked libglib2.0-dev-bin:amd64 2.74.6-2+deb12u6
2025-06-11 01:13:39 status half-configured libglib2.0-dev-bin:amd64 2.74.6-2+deb12u6
2025-06-11 01:13:39 status installed libglib2.0-dev-bin:amd64 2.74.6-2+deb12u6
2025-06-11 01:13:39 configure libimath-dev:amd64 3.1.6-1 <none>
2025-06-11 01:13:39 status unpacked libimath-dev:amd64 3.1.6-1
2025-06-11 01:13:39 status half-configured libimath-dev:amd64 3.1.6-1
2025-06-11 01:13:39 status installed libimath-dev:amd64 3.1.6-1
2025-06-11 01:13:39 configure libice6:amd64 2:1.0.10-1 <none>
2025-06-11 01:13:39 status unpacked libice6:amd64 2:1.0.10-1
2025-06-11 01:13:39 status half-configured libice6:amd64 2:1.0.10-1
2025-06-11 01:13:39 status installed libice6:amd64 2:1.0.10-1
2025-06-11 01:13:39 configure libevent-extra-2.1-7:amd64 2.1.12-stable-8 <none>
2025-06-11 01:13:39 status unpacked libevent-extra-2.1-7:amd64 2.1.12-stable-8
2025-06-11 01:13:39 status half-configured libevent-extra-2.1-7:amd64 2.1.12-stable-8
2025-06-11 01:13:39 status installed libevent-extra-2.1-7:amd64 2.1.12-stable-8
2025-06-11 01:13:39 configure libmagickcore-6-arch-config:amd64 8:6.9.11.60+dfsg-1.6+deb12u3 <none>
2025-06-11 01:13:39 status unpacked libmagickcore-6-arch-config:amd64 8:6.9.11.60+dfsg-1.6+deb12u3
2025-06-11 01:13:39 status half-configured libmagickcore-6-arch-config:amd64 8:6.9.11.60+dfsg-1.6+deb12u3
2025-06-11 01:13:39 status installed libmagickcore-6-arch-config:amd64 8:6.9.11.60+dfsg-1.6+deb12u3
2025-06-11 01:13:39 configure cpp-12:amd64 12.2.0-14+deb12u1 <none>
2025-06-11 01:13:39 status unpacked cpp-12:amd64 12.2.0-14+deb12u1
2025-06-11 01:13:39 status half-configured cpp-12:amd64 12.2.0-14+deb12u1
2025-06-11 01:13:39 status installed cpp-12:amd64 12.2.0-14+deb12u1
2025-06-11 01:13:39 configure libkdb5-10:amd64 1.20.1-2+deb12u3 <none>
2025-06-11 01:13:39 status unpacked libkdb5-10:amd64 1.20.1-2+deb12u3
2025-06-11 01:13:39 status half-configured libkdb5-10:amd64 1.20.1-2+deb12u3
2025-06-11 01:13:39 status installed libkdb5-10:amd64 1.20.1-2+deb12u3
2025-06-11 01:13:39 configure libgmp-dev:amd64 2:6.2.1+dfsg1-1.1 <none>
2025-06-11 01:13:39 status unpacked libgmp-dev:amd64 2:6.2.1+dfsg1-1.1
2025-06-11 01:13:39 status half-configured libgmp-dev:amd64 2:6.2.1+dfsg1-1.1
2025-06-11 01:13:39 status installed libgmp-dev:amd64 2:6.2.1+dfsg1-1.1
2025-06-11 01:13:39 configure libxau-dev:amd64 1:1.0.9-1 <none>
2025-06-11 01:13:39 status unpacked libxau-dev:amd64 1:1.0.9-1
2025-06-11 01:13:39 status half-configured libxau-dev:amd64 1:1.0.9-1
2025-06-11 01:13:39 status installed libxau-dev:amd64 1:1.0.9-1
2025-06-11 01:13:39 configure libxrender1:amd64 1:0.9.10-1.1 <none>
2025-06-11 01:13:39 status unpacked libxrender1:amd64 1:0.9.10-1.1
2025-06-11 01:13:39 status half-configured libxrender1:amd64 1:0.9.10-1.1
2025-06-11 01:13:39 status installed libxrender1:amd64 1:0.9.10-1.1
2025-06-11 01:13:39 configure libyaml-dev:amd64 0.2.5-1 <none>
2025-06-11 01:13:39 status unpacked libyaml-dev:amd64 0.2.5-1
2025-06-11 01:13:39 status half-configured libyaml-dev:amd64 0.2.5-1
2025-06-11 01:13:39 status installed libyaml-dev:amd64 0.2.5-1
2025-06-11 01:13:39 configure libice-dev:amd64 2:1.0.10-1 <none>
2025-06-11 01:13:39 status unpacked libice-dev:amd64 2:1.0.10-1
2025-06-11 01:13:39 status half-configured libice-dev:amd64 2:1.0.10-1
2025-06-11 01:13:39 status installed libice-dev:amd64 2:1.0.10-1
2025-06-11 01:13:39 configure libmagickwand-6-headers:all 8:6.9.11.60+dfsg-1.6+deb12u3 <none>
2025-06-11 01:13:39 status unpacked libmagickwand-6-headers:all 8:6.9.11.60+dfsg-1.6+deb12u3
2025-06-11 01:13:39 status half-configured libmagickwand-6-headers:all 8:6.9.11.60+dfsg-1.6+deb12u3
2025-06-11 01:13:39 status installed libmagickwand-6-headers:all 8:6.9.11.60+dfsg-1.6+deb12u3
2025-06-11 01:13:39 configure fontconfig-config:amd64 2.14.1-4 <none>
2025-06-11 01:13:39 status unpacked fontconfig-config:amd64 2.14.1-4
2025-06-11 01:13:39 status half-configured fontconfig-config:amd64 2.14.1-4
2025-06-11 01:13:39 status installed fontconfig-config:amd64 2.14.1-4
2025-06-11 01:13:39 configure libwebpdemux2:amd64 1.2.4-0.2+deb12u1 <none>
2025-06-11 01:13:39 status unpacked libwebpdemux2:amd64 1.2.4-0.2+deb12u1
2025-06-11 01:13:39 status half-configured libwebpdemux2:amd64 1.2.4-0.2+deb12u1
2025-06-11 01:13:39 status installed libwebpdemux2:amd64 1.2.4-0.2+deb12u1
2025-06-11 01:13:39 configure libdjvulibre21:amd64 3.5.28-2+b1 <none>
2025-06-11 01:13:39 status unpacked libdjvulibre21:amd64 3.5.28-2+b1
2025-06-11 01:13:39 status half-configured libdjvulibre21:amd64 3.5.28-2+b1
2025-06-11 01:13:39 status installed libdjvulibre21:amd64 3.5.28-2+b1
2025-06-11 01:13:39 configure libjbig-dev:amd64 2.1-6.1 <none>
2025-06-11 01:13:39 status unpacked libjbig-dev:amd64 2.1-6.1
2025-06-11 01:13:39 status half-configured libjbig-dev:amd64 2.1-6.1
2025-06-11 01:13:39 status installed libjbig-dev:amd64 2.1-6.1
2025-06-11 01:13:39 configure libxext6:amd64 2:1.3.4-1+b1 <none>
2025-06-11 01:13:39 status unpacked libxext6:amd64 2:1.3.4-1+b1
2025-06-11 01:13:39 status half-configured libxext6:amd64 2:1.3.4-1+b1
2025-06-11 01:13:39 status installed libxext6:amd64 2:1.3.4-1+b1
2025-06-11 01:13:39 configure libevent-openssl-2.1-7:amd64 2.1.12-stable-8 <none>
2025-06-11 01:13:39 status unpacked libevent-openssl-2.1-7:amd64 2.1.12-stable-8
2025-06-11 01:13:39 status half-configured libevent-openssl-2.1-7:amd64 2.1.12-stable-8
2025-06-11 01:13:39 status installed libevent-openssl-2.1-7:amd64 2.1.12-stable-8
2025-06-11 01:13:39 configure libglib2.0-bin:amd64 2.74.6-2+deb12u6 <none>
2025-06-11 01:13:39 status unpacked libglib2.0-bin:amd64 2.74.6-2+deb12u6
2025-06-11 01:13:39 status half-configured libglib2.0-bin:amd64 2.74.6-2+deb12u6
2025-06-11 01:13:39 status installed libglib2.0-bin:amd64 2.74.6-2+deb12u6
2025-06-11 01:13:39 configure liblqr-1-0-dev:amd64 0.4.2-2.1 <none>
2025-06-11 01:13:39 status unpacked liblqr-1-0-dev:amd64 0.4.2-2.1
2025-06-11 01:13:39 status half-configured liblqr-1-0-dev:amd64 0.4.2-2.1
2025-06-11 01:13:39 status installed liblqr-1-0-dev:amd64 0.4.2-2.1
2025-06-11 01:13:39 configure libpq-dev:amd64 15.13-0+deb12u1 <none>
2025-06-11 01:13:39 status unpacked libpq-dev:amd64 15.13-0+deb12u1
2025-06-11 01:13:39 status half-configured libpq-dev:amd64 15.13-0+deb12u1
2025-06-11 01:13:39 status installed libpq-dev:amd64 15.13-0+deb12u1
2025-06-11 01:13:39 configure pkgconf:amd64 1.8.1-1 <none>
2025-06-11 01:13:39 status unpacked pkgconf:amd64 1.8.1-1
2025-06-11 01:13:39 status half-configured pkgconf:amd64 1.8.1-1
2025-06-11 01:13:39 status installed pkgconf:amd64 1.8.1-1
2025-06-11 01:13:39 configure libltdl-dev:amd64 2.4.7-7~deb12u1 <none>
2025-06-11 01:13:39 status unpacked libltdl-dev:amd64 2.4.7-7~deb12u1
2025-06-11 01:13:39 status half-configured libltdl-dev:amd64 2.4.7-7~deb12u1
2025-06-11 01:13:39 status installed libltdl-dev:amd64 2.4.7-7~deb12u1
2025-06-11 01:13:39 configure libthai0:amd64 0.1.29-1 <none>
2025-06-11 01:13:39 status unpacked libthai0:amd64 0.1.29-1
2025-06-11 01:13:39 status half-configured libthai0:amd64 0.1.29-1
2025-06-11 01:13:39 status installed libthai0:amd64 0.1.29-1
2025-06-11 01:13:39 configure libxdmcp-dev:amd64 1:1.1.2-3 <none>
2025-06-11 01:13:39 status unpacked libxdmcp-dev:amd64 1:1.1.2-3
2025-06-11 01:13:39 status half-configured libxdmcp-dev:amd64 1:1.1.2-3
2025-06-11 01:13:39 status installed libxdmcp-dev:amd64 1:1.1.2-3
2025-06-11 01:13:39 configure libgprofng0:amd64 2.40-2 <none>
2025-06-11 01:13:39 status unpacked libgprofng0:amd64 2.40-2
2025-06-11 01:13:39 status half-configured libgprofng0:amd64 2.40-2
2025-06-11 01:13:39 status installed libgprofng0:amd64 2.40-2
2025-06-11 01:13:39 configure libwebp-dev:amd64 1.2.4-0.2+deb12u1 <none>
2025-06-11 01:13:39 status unpacked libwebp-dev:amd64 1.2.4-0.2+deb12u1
2025-06-11 01:13:39 status half-configured libwebp-dev:amd64 1.2.4-0.2+deb12u1
2025-06-11 01:13:39 status installed libwebp-dev:amd64 1.2.4-0.2+deb12u1
2025-06-11 01:13:39 configure libfreetype6:amd64 2.12.1+dfsg-5+deb12u4 <none>
2025-06-11 01:13:39 status unpacked libfreetype6:amd64 2.12.1+dfsg-5+deb12u4
2025-06-11 01:13:39 status half-configured libfreetype6:amd64 2.12.1+dfsg-5+deb12u4
2025-06-11 01:13:40 status installed libfreetype6:amd64 2.12.1+dfsg-5+deb12u4
2025-06-11 01:13:40 configure libopenjp2-7-dev:amd64 2.5.0-2+deb12u1 <none>
2025-06-11 01:13:40 status unpacked libopenjp2-7-dev:amd64 2.5.0-2+deb12u1
2025-06-11 01:13:40 status half-configured libopenjp2-7-dev:amd64 2.5.0-2+deb12u1
2025-06-11 01:13:40 status installed libopenjp2-7-dev:amd64 2.5.0-2+deb12u1
2025-06-11 01:13:40 configure x11proto-core-dev:all 2022.1-1 <none>
2025-06-11 01:13:40 status unpacked x11proto-core-dev:all 2022.1-1
2025-06-11 01:13:40 status half-configured x11proto-core-dev:all 2022.1-1
2025-06-11 01:13:40 status installed x11proto-core-dev:all 2022.1-1
2025-06-11 01:13:40 configure libdb-dev:amd64 5.3.2 <none>
2025-06-11 01:13:40 status unpacked libdb-dev:amd64 5.3.2
2025-06-11 01:13:40 status half-configured libdb-dev:amd64 5.3.2
2025-06-11 01:13:40 status installed libdb-dev:amd64 5.3.2
2025-06-11 01:13:40 configure libgcc-12-dev:amd64 12.2.0-14+deb12u1 <none>
2025-06-11 01:13:40 status unpacked libgcc-12-dev:amd64 12.2.0-14+deb12u1
2025-06-11 01:13:40 status half-configured libgcc-12-dev:amd64 12.2.0-14+deb12u1
2025-06-11 01:13:40 status installed libgcc-12-dev:amd64 12.2.0-14+deb12u1
2025-06-11 01:13:40 configure shared-mime-info:amd64 2.2-1 <none>
2025-06-11 01:13:40 status unpacked shared-mime-info:amd64 2.2-1
2025-06-11 01:13:40 status half-configured shared-mime-info:amd64 2.2-1
2025-06-11 01:13:41 status installed shared-mime-info:amd64 2.2-1
2025-06-11 01:13:41 configure libevent-dev:amd64 2.1.12-stable-8 <none>
2025-06-11 01:13:41 status unpacked libevent-dev:amd64 2.1.12-stable-8
2025-06-11 01:13:41 status half-configured libevent-dev:amd64 2.1.12-stable-8
2025-06-11 01:13:41 status installed libevent-dev:amd64 2.1.12-stable-8
2025-06-11 01:13:41 configure pkg-config:amd64 1.8.1-1 <none>
2025-06-11 01:13:41 status unpacked pkg-config:amd64 1.8.1-1
2025-06-11 01:13:41 status half-configured pkg-config:amd64 1.8.1-1
2025-06-11 01:13:41 status installed pkg-config:amd64 1.8.1-1
2025-06-11 01:13:41 configure gir1.2-glib-2.0:amd64 1.74.0-3 <none>
2025-06-11 01:13:41 status unpacked gir1.2-glib-2.0:amd64 1.74.0-3
2025-06-11 01:13:41 status half-configured gir1.2-glib-2.0:amd64 1.74.0-3
2025-06-11 01:13:41 status installed gir1.2-glib-2.0:amd64 1.74.0-3
2025-06-11 01:13:41 configure libx265-199:amd64 3.5-2+b1 <none>
2025-06-11 01:13:41 status unpacked libx265-199:amd64 3.5-2+b1
2025-06-11 01:13:41 status half-configured libx265-199:amd64 3.5-2+b1
2025-06-11 01:13:41 status installed libx265-199:amd64 3.5-2+b1
2025-06-11 01:13:41 configure cpp:amd64 4:12.2.0-3 <none>
2025-06-11 01:13:41 status unpacked cpp:amd64 4:12.2.0-3
2025-06-11 01:13:41 status half-configured cpp:amd64 4:12.2.0-3
2025-06-11 01:13:41 status installed cpp:amd64 4:12.2.0-3
2025-06-11 01:13:41 configure libxslt1.1:amd64 1.1.35-1+deb12u1 <none>
2025-06-11 01:13:41 status unpacked libxslt1.1:amd64 1.1.35-1+deb12u1
2025-06-11 01:13:41 status half-configured libxslt1.1:amd64 1.1.35-1+deb12u1
2025-06-11 01:13:41 status installed libxslt1.1:amd64 1.1.35-1+deb12u1
2025-06-11 01:13:41 configure libkadm5srv-mit12:amd64 1.20.1-2+deb12u3 <none>
2025-06-11 01:13:41 status unpacked libkadm5srv-mit12:amd64 1.20.1-2+deb12u3
2025-06-11 01:13:41 status half-configured libkadm5srv-mit12:amd64 1.20.1-2+deb12u3
2025-06-11 01:13:41 status installed libkadm5srv-mit12:amd64 1.20.1-2+deb12u3
2025-06-11 01:13:41 configure libc6-dev:amd64 2.36-9+deb12u10 <none>
2025-06-11 01:13:41 status unpacked libc6-dev:amd64 2.36-9+deb12u10
2025-06-11 01:13:41 status half-configured libc6-dev:amd64 2.36-9+deb12u10
2025-06-11 01:13:41 status installed libc6-dev:amd64 2.36-9+deb12u10
2025-06-11 01:13:41 configure libharfbuzz0b:amd64 6.0.0+dfsg-3 <none>
2025-06-11 01:13:41 status unpacked libharfbuzz0b:amd64 6.0.0+dfsg-3
2025-06-11 01:13:41 status half-configured libharfbuzz0b:amd64 6.0.0+dfsg-3
2025-06-11 01:13:41 status installed libharfbuzz0b:amd64 6.0.0+dfsg-3
2025-06-11 01:13:41 configure libgdk-pixbuf-2.0-0:amd64 2.42.10+dfsg-1+deb12u1 <none>
2025-06-11 01:13:41 status unpacked libgdk-pixbuf-2.0-0:amd64 2.42.10+dfsg-1+deb12u1
2025-06-11 01:13:41 status half-configured libgdk-pixbuf-2.0-0:amd64 2.42.10+dfsg-1+deb12u1
2025-06-11 01:13:41 status installed libgdk-pixbuf-2.0-0:amd64 2.42.10+dfsg-1+deb12u1
2025-06-11 01:13:41 configure libfontconfig1:amd64 2.14.1-4 <none>
2025-06-11 01:13:41 status unpacked libfontconfig1:amd64 2.14.1-4
2025-06-11 01:13:41 status half-configured libfontconfig1:amd64 2.14.1-4
2025-06-11 01:13:41 status installed libfontconfig1:amd64 2.14.1-4
2025-06-11 01:13:41 configure libgdbm-dev:amd64 1.23-3 <none>
2025-06-11 01:13:41 status unpacked libgdbm-dev:amd64 1.23-3
2025-06-11 01:13:41 status half-configured libgdbm-dev:amd64 1.23-3
2025-06-11 01:13:41 status installed libgdbm-dev:amd64 1.23-3
2025-06-11 01:13:41 configure libsm6:amd64 2:1.2.3-1 <none>
2025-06-11 01:13:41 status unpacked libsm6:amd64 2:1.2.3-1
2025-06-11 01:13:41 status half-configured libsm6:amd64 2:1.2.3-1
2025-06-11 01:13:41 status installed libsm6:amd64 2:1.2.3-1
2025-06-11 01:13:41 configure libicu-dev:amd64 72.1-3 <none>
2025-06-11 01:13:41 status unpacked libicu-dev:amd64 72.1-3
2025-06-11 01:13:41 status half-configured libicu-dev:amd64 72.1-3
2025-06-11 01:13:41 status installed libicu-dev:amd64 72.1-3
2025-06-11 01:13:41 configure binutils-x86-64-linux-gnu:amd64 2.40-2 <none>
2025-06-11 01:13:41 status unpacked binutils-x86-64-linux-gnu:amd64 2.40-2
2025-06-11 01:13:41 status half-configured binutils-x86-64-linux-gnu:amd64 2.40-2
2025-06-11 01:13:41 status installed binutils-x86-64-linux-gnu:amd64 2.40-2
2025-06-11 01:13:41 configure libbz2-dev:amd64 1.0.8-5+b1 <none>
2025-06-11 01:13:41 status unpacked libbz2-dev:amd64 1.0.8-5+b1
2025-06-11 01:13:41 status half-configured libbz2-dev:amd64 1.0.8-5+b1
2025-06-11 01:13:41 status installed libbz2-dev:amd64 1.0.8-5+b1
2025-06-11 01:13:41 configure fontconfig:amd64 2.14.1-4 <none>
2025-06-11 01:13:41 status unpacked fontconfig:amd64 2.14.1-4
2025-06-11 01:13:41 status half-configured fontconfig:amd64 2.14.1-4
2025-06-11 01:13:43 status installed fontconfig:amd64 2.14.1-4
2025-06-11 01:13:43 configure libexif-dev:amd64 0.6.24-1+b1 <none>
2025-06-11 01:13:43 status unpacked libexif-dev:amd64 0.6.24-1+b1
2025-06-11 01:13:43 status half-configured libexif-dev:amd64 0.6.24-1+b1
2025-06-11 01:13:43 status installed libexif-dev:amd64 0.6.24-1+b1
2025-06-11 01:13:43 configure libncurses-dev:amd64 6.4-4 <none>
2025-06-11 01:13:43 status unpacked libncurses-dev:amd64 6.4-4
2025-06-11 01:13:43 status half-configured libncurses-dev:amd64 6.4-4
2025-06-11 01:13:43 status installed libncurses-dev:amd64 6.4-4
2025-06-11 01:13:43 configure gir1.2-freedesktop:amd64 1.74.0-3 <none>
2025-06-11 01:13:43 status unpacked gir1.2-freedesktop:amd64 1.74.0-3
2025-06-11 01:13:43 status half-configured gir1.2-freedesktop:amd64 1.74.0-3
2025-06-11 01:13:43 status installed gir1.2-freedesktop:amd64 1.74.0-3
2025-06-11 01:13:43 configure libxcb1-dev:amd64 1.15-1 <none>
2025-06-11 01:13:43 status unpacked libxcb1-dev:amd64 1.15-1
2025-06-11 01:13:43 status half-configured libxcb1-dev:amd64 1.15-1
2025-06-11 01:13:43 status installed libxcb1-dev:amd64 1.15-1
2025-06-11 01:13:43 configure libpcre2-dev:amd64 10.42-1 <none>
2025-06-11 01:13:43 status unpacked libpcre2-dev:amd64 10.42-1
2025-06-11 01:13:43 status half-configured libpcre2-dev:amd64 10.42-1
2025-06-11 01:13:43 status installed libpcre2-dev:amd64 10.42-1
2025-06-11 01:13:43 configure libncursesw5-dev:amd64 6.4-4 <none>
2025-06-11 01:13:43 status unpacked libncursesw5-dev:amd64 6.4-4
2025-06-11 01:13:43 status half-configured libncursesw5-dev:amd64 6.4-4
2025-06-11 01:13:43 status installed libncursesw5-dev:amd64 6.4-4
2025-06-11 01:13:43 configure gir1.2-gdkpixbuf-2.0:amd64 2.42.10+dfsg-1+deb12u1 <none>
2025-06-11 01:13:43 status unpacked gir1.2-gdkpixbuf-2.0:amd64 2.42.10+dfsg-1+deb12u1
2025-06-11 01:13:43 status half-configured gir1.2-gdkpixbuf-2.0:amd64 2.42.10+dfsg-1+deb12u1
2025-06-11 01:13:43 status installed gir1.2-gdkpixbuf-2.0:amd64 2.42.10+dfsg-1+deb12u1
2025-06-11 01:13:43 configure libstdc++-12-dev:amd64 12.2.0-14+deb12u1 <none>
2025-06-11 01:13:43 status unpacked libstdc++-12-dev:amd64 12.2.0-14+deb12u1
2025-06-11 01:13:43 status half-configured libstdc++-12-dev:amd64 12.2.0-14+deb12u1
2025-06-11 01:13:43 status installed libstdc++-12-dev:amd64 12.2.0-14+deb12u1
2025-06-11 01:13:43 configure libsm-dev:amd64 2:1.2.3-1 <none>
2025-06-11 01:13:43 status unpacked libsm-dev:amd64 2:1.2.3-1
2025-06-11 01:13:43 status half-configured libsm-dev:amd64 2:1.2.3-1
2025-06-11 01:13:43 status installed libsm-dev:amd64 2:1.2.3-1
2025-06-11 01:13:43 configure libselinux1-dev:amd64 3.4-1+b6 <none>
2025-06-11 01:13:43 status unpacked libselinux1-dev:amd64 3.4-1+b6
2025-06-11 01:13:43 status half-configured libselinux1-dev:amd64 3.4-1+b6
2025-06-11 01:13:43 status installed libselinux1-dev:amd64 3.4-1+b6
2025-06-11 01:13:43 configure libpango-1.0-0:amd64 1.50.12+ds-1 <none>
2025-06-11 01:13:43 status unpacked libpango-1.0-0:amd64 1.50.12+ds-1
2025-06-11 01:13:43 status half-configured libpango-1.0-0:amd64 1.50.12+ds-1
2025-06-11 01:13:43 status installed libpango-1.0-0:amd64 1.50.12+ds-1
2025-06-11 01:13:43 configure libheif1:amd64 1.15.1-1+deb12u1 <none>
2025-06-11 01:13:43 status unpacked libheif1:amd64 1.15.1-1+deb12u1
2025-06-11 01:13:43 status half-configured libheif1:amd64 1.15.1-1+deb12u1
2025-06-11 01:13:43 status installed libheif1:amd64 1.15.1-1+deb12u1
2025-06-11 01:13:43 configure libx11-dev:amd64 2:1.8.4-2+deb12u2 <none>
2025-06-11 01:13:43 status unpacked libx11-dev:amd64 2:1.8.4-2+deb12u2
2025-06-11 01:13:43 status half-configured libx11-dev:amd64 2:1.8.4-2+deb12u2
2025-06-11 01:13:43 status installed libx11-dev:amd64 2:1.8.4-2+deb12u2
2025-06-11 01:13:43 configure binutils:amd64 2.40-2 <none>
2025-06-11 01:13:43 status unpacked binutils:amd64 2.40-2
2025-06-11 01:13:43 status half-configured binutils:amd64 2.40-2
2025-06-11 01:13:43 status installed binutils:amd64 2.40-2
2025-06-11 01:13:43 configure libreadline-dev:amd64 8.2-1.3 <none>
2025-06-11 01:13:43 status unpacked libreadline-dev:amd64 8.2-1.3
2025-06-11 01:13:43 status half-configured libreadline-dev:amd64 8.2-1.3
2025-06-11 01:13:43 status installed libreadline-dev:amd64 8.2-1.3
2025-06-11 01:13:43 configure libcairo2:amd64 1.16.0-7 <none>
2025-06-11 01:13:43 status unpacked libcairo2:amd64 1.16.0-7
2025-06-11 01:13:43 status half-configured libcairo2:amd64 1.16.0-7
2025-06-11 01:13:43 status installed libcairo2:amd64 1.16.0-7
2025-06-11 01:13:43 configure dpkg-dev:all 1.21.22 <none>
2025-06-11 01:13:43 status unpacked dpkg-dev:all 1.21.22
2025-06-11 01:13:43 status half-configured dpkg-dev:all 1.21.22
2025-06-11 01:13:43 status installed dpkg-dev:all 1.21.22
2025-06-11 01:13:43 configure libxcb-shm0-dev:amd64 1.15-1 <none>
2025-06-11 01:13:43 status unpacked libxcb-shm0-dev:amd64 1.15-1
2025-06-11 01:13:43 status half-configured libxcb-shm0-dev:amd64 1.15-1
2025-06-11 01:13:43 status installed libxcb-shm0-dev:amd64 1.15-1
2025-06-11 01:13:43 configure libmagickcore-6.q16-6:amd64 8:6.9.11.60+dfsg-1.6+deb12u3 <none>
2025-06-11 01:13:43 status unpacked libmagickcore-6.q16-6:amd64 8:6.9.11.60+dfsg-1.6+deb12u3
2025-06-11 01:13:43 status half-configured libmagickcore-6.q16-6:amd64 8:6.9.11.60+dfsg-1.6+deb12u3
2025-06-11 01:13:43 status installed libmagickcore-6.q16-6:amd64 8:6.9.11.60+dfsg-1.6+deb12u3
2025-06-11 01:13:43 configure libxml2-dev:amd64 2.9.14+dfsg-1.3~deb12u1 <none>
2025-06-11 01:13:43 status unpacked libxml2-dev:amd64 2.9.14+dfsg-1.3~deb12u1
2025-06-11 01:13:43 status half-configured libxml2-dev:amd64 2.9.14+dfsg-1.3~deb12u1
2025-06-11 01:13:43 status installed libxml2-dev:amd64 2.9.14+dfsg-1.3~deb12u1
2025-06-11 01:13:43 configure libexpat1-dev:amd64 2.5.0-1+deb12u1 <none>
2025-06-11 01:13:43 status unpacked libexpat1-dev:amd64 2.5.0-1+deb12u1
2025-06-11 01:13:43 status half-configured libexpat1-dev:amd64 2.5.0-1+deb12u1
2025-06-11 01:13:43 status installed libexpat1-dev:amd64 2.5.0-1+deb12u1
2025-06-11 01:13:43 configure libwmf-0.2-7:amd64 0.2.12-5.1 <none>
2025-06-11 01:13:43 status unpacked libwmf-0.2-7:amd64 0.2.12-5.1
2025-06-11 01:13:43 status half-configured libwmf-0.2-7:amd64 0.2.12-5.1
2025-06-11 01:13:43 status installed libwmf-0.2-7:amd64 0.2.12-5.1
2025-06-11 01:13:43 configure libsqlite3-dev:amd64 3.40.1-2+deb12u1 <none>
2025-06-11 01:13:43 status unpacked libsqlite3-dev:amd64 3.40.1-2+deb12u1
2025-06-11 01:13:43 status half-configured libsqlite3-dev:amd64 3.40.1-2+deb12u1
2025-06-11 01:13:43 status installed libsqlite3-dev:amd64 3.40.1-2+deb12u1
2025-06-11 01:13:43 configure libjpeg62-turbo-dev:amd64 1:2.1.5-2 <none>
2025-06-11 01:13:43 status unpacked libjpeg62-turbo-dev:amd64 1:2.1.5-2
2025-06-11 01:13:43 status half-configured libjpeg62-turbo-dev:amd64 1:2.1.5-2
2025-06-11 01:13:43 status installed libjpeg62-turbo-dev:amd64 1:2.1.5-2
2025-06-11 01:13:43 configure gcc-12:amd64 12.2.0-14+deb12u1 <none>
2025-06-11 01:13:43 status unpacked gcc-12:amd64 12.2.0-14+deb12u1
2025-06-11 01:13:43 status half-configured gcc-12:amd64 12.2.0-14+deb12u1
2025-06-11 01:13:43 status installed gcc-12:amd64 12.2.0-14+deb12u1
2025-06-11 01:13:43 configure uuid-dev:amd64 2.38.1-5+deb12u3 <none>
2025-06-11 01:13:43 status unpacked uuid-dev:amd64 2.38.1-5+deb12u3
2025-06-11 01:13:43 status half-configured uuid-dev:amd64 2.38.1-5+deb12u3
2025-06-11 01:13:43 status installed uuid-dev:amd64 2.38.1-5+deb12u3
2025-06-11 01:13:43 configure comerr-dev:amd64 2.1-1.47.0-2 <none>
2025-06-11 01:13:43 status unpacked comerr-dev:amd64 2.1-1.47.0-2
2025-06-11 01:13:43 status half-configured comerr-dev:amd64 2.1-1.47.0-2
2025-06-11 01:13:43 status installed comerr-dev:amd64 2.1-1.47.0-2
2025-06-11 01:13:43 configure libxcb-render0-dev:amd64 1.15-1 <none>
2025-06-11 01:13:43 status unpacked libxcb-render0-dev:amd64 1.15-1
2025-06-11 01:13:43 status half-configured libxcb-render0-dev:amd64 1.15-1
2025-06-11 01:13:43 status installed libxcb-render0-dev:amd64 1.15-1
2025-06-11 01:13:43 configure libxt6:amd64 1:1.2.1-1.1 <none>
2025-06-11 01:13:43 status unpacked libxt6:amd64 1:1.2.1-1.1
2025-06-11 01:13:43 status half-configured libxt6:amd64 1:1.2.1-1.1
2025-06-11 01:13:43 status installed libxt6:amd64 1:1.2.1-1.1
2025-06-11 01:13:43 configure libxext-dev:amd64 2:1.3.4-1+b1 <none>
2025-06-11 01:13:43 status unpacked libxext-dev:amd64 2:1.3.4-1+b1
2025-06-11 01:13:43 status half-configured libxext-dev:amd64 2:1.3.4-1+b1
2025-06-11 01:13:43 status installed libxext-dev:amd64 2:1.3.4-1+b1
2025-06-11 01:13:43 configure zlib1g-dev:amd64 1:1.2.13.dfsg-1 <none>
2025-06-11 01:13:43 status unpacked zlib1g-dev:amd64 1:1.2.13.dfsg-1
2025-06-11 01:13:43 status half-configured zlib1g-dev:amd64 1:1.2.13.dfsg-1
2025-06-11 01:13:43 status installed zlib1g-dev:amd64 1:1.2.13.dfsg-1
2025-06-11 01:13:43 configure libgdk-pixbuf2.0-bin:amd64 2.42.10+dfsg-1+deb12u1 <none>
2025-06-11 01:13:43 status unpacked libgdk-pixbuf2.0-bin:amd64 2.42.10+dfsg-1+deb12u1
2025-06-11 01:13:43 status half-configured libgdk-pixbuf2.0-bin:amd64 2.42.10+dfsg-1+deb12u1
2025-06-11 01:13:43 status installed libgdk-pixbuf2.0-bin:amd64 2.42.10+dfsg-1+deb12u1
2025-06-11 01:13:43 configure libncurses5-dev:amd64 6.4-4 <none>
2025-06-11 01:13:43 status unpacked libncurses5-dev:amd64 6.4-4
2025-06-11 01:13:43 status half-configured libncurses5-dev:amd64 6.4-4
2025-06-11 01:13:43 status installed libncurses5-dev:amd64 6.4-4
2025-06-11 01:13:43 configure libmagickwand-6.q16-6:amd64 8:6.9.11.60+dfsg-1.6+deb12u3 <none>
2025-06-11 01:13:43 status unpacked libmagickwand-6.q16-6:amd64 8:6.9.11.60+dfsg-1.6+deb12u3
2025-06-11 01:13:43 status half-configured libmagickwand-6.q16-6:amd64 8:6.9.11.60+dfsg-1.6+deb12u3
2025-06-11 01:13:43 status installed libmagickwand-6.q16-6:amd64 8:6.9.11.60+dfsg-1.6+deb12u3
2025-06-11 01:13:43 configure libcairo-gobject2:amd64 1.16.0-7 <none>
2025-06-11 01:13:43 status unpacked libcairo-gobject2:amd64 1.16.0-7
2025-06-11 01:13:43 status half-configured libcairo-gobject2:amd64 1.16.0-7
2025-06-11 01:13:43 status installed libcairo-gobject2:amd64 1.16.0-7
2025-06-11 01:13:43 configure libpangoft2-1.0-0:amd64 1.50.12+ds-1 <none>
2025-06-11 01:13:43 status unpacked libpangoft2-1.0-0:amd64 1.50.12+ds-1
2025-06-11 01:13:43 status half-configured libpangoft2-1.0-0:amd64 1.50.12+ds-1
2025-06-11 01:13:43 status installed libpangoft2-1.0-0:amd64 1.50.12+ds-1
2025-06-11 01:13:43 configure libxrender-dev:amd64 1:0.9.10-1.1 <none>
2025-06-11 01:13:43 status unpacked libxrender-dev:amd64 1:0.9.10-1.1
2025-06-11 01:13:43 status half-configured libxrender-dev:amd64 1:0.9.10-1.1
2025-06-11 01:13:43 status installed libxrender-dev:amd64 1:0.9.10-1.1
2025-06-11 01:13:43 configure libpangocairo-1.0-0:amd64 1.50.12+ds-1 <none>
2025-06-11 01:13:43 status unpacked libpangocairo-1.0-0:amd64 1.50.12+ds-1
2025-06-11 01:13:43 status half-configured libpangocairo-1.0-0:amd64 1.50.12+ds-1
2025-06-11 01:13:43 status installed libpangocairo-1.0-0:amd64 1.50.12+ds-1
2025-06-11 01:13:43 configure g++-12:amd64 12.2.0-14+deb12u1 <none>
2025-06-11 01:13:43 status unpacked g++-12:amd64 12.2.0-14+deb12u1
2025-06-11 01:13:43 status half-configured g++-12:amd64 12.2.0-14+deb12u1
2025-06-11 01:13:43 status installed g++-12:amd64 12.2.0-14+deb12u1
2025-06-11 01:13:43 configure krb5-multidev:amd64 1.20.1-2+deb12u3 <none>
2025-06-11 01:13:43 status unpacked krb5-multidev:amd64 1.20.1-2+deb12u3
2025-06-11 01:13:43 status half-configured krb5-multidev:amd64 1.20.1-2+deb12u3
2025-06-11 01:13:43 status installed krb5-multidev:amd64 1.20.1-2+deb12u3
2025-06-11 01:13:43 configure libcairo-script-interpreter2:amd64 1.16.0-7 <none>
2025-06-11 01:13:43 status unpacked libcairo-script-interpreter2:amd64 1.16.0-7
2025-06-11 01:13:43 status half-configured libcairo-script-interpreter2:amd64 1.16.0-7
2025-06-11 01:13:43 status installed libcairo-script-interpreter2:amd64 1.16.0-7
2025-06-11 01:13:43 configure libblkid-dev:amd64 2.38.1-5+deb12u3 <none>
2025-06-11 01:13:43 status unpacked libblkid-dev:amd64 2.38.1-5+deb12u3
2025-06-11 01:13:43 status half-configured libblkid-dev:amd64 2.38.1-5+deb12u3
2025-06-11 01:13:43 status installed libblkid-dev:amd64 2.38.1-5+deb12u3
2025-06-11 01:13:43 configure libxslt1-dev:amd64 1.1.35-1+deb12u1 <none>
2025-06-11 01:13:43 status unpacked libxslt1-dev:amd64 1.1.35-1+deb12u1
2025-06-11 01:13:43 status half-configured libxslt1-dev:amd64 1.1.35-1+deb12u1
2025-06-11 01:13:43 status installed libxslt1-dev:amd64 1.1.35-1+deb12u1
2025-06-11 01:13:43 configure libmagickcore-6.q16-6-extra:amd64 8:6.9.11.60+dfsg-1.6+deb12u3 <none>
2025-06-11 01:13:43 status unpacked libmagickcore-6.q16-6-extra:amd64 8:6.9.11.60+dfsg-1.6+deb12u3
2025-06-11 01:13:43 status half-configured libmagickcore-6.q16-6-extra:amd64 8:6.9.11.60+dfsg-1.6+deb12u3
2025-06-11 01:13:43 status installed libmagickcore-6.q16-6-extra:amd64 8:6.9.11.60+dfsg-1.6+deb12u3
2025-06-11 01:13:43 configure libtool:all 2.4.7-7~deb12u1 <none>
2025-06-11 01:13:43 status unpacked libtool:all 2.4.7-7~deb12u1
2025-06-11 01:13:43 status half-configured libtool:all 2.4.7-7~deb12u1
2025-06-11 01:13:43 status installed libtool:all 2.4.7-7~deb12u1
2025-06-11 01:13:43 configure libpng-dev:amd64 1.6.39-2 <none>
2025-06-11 01:13:43 status unpacked libpng-dev:amd64 1.6.39-2
2025-06-11 01:13:43 status half-configured libpng-dev:amd64 1.6.39-2
2025-06-11 01:13:43 status installed libpng-dev:amd64 1.6.39-2
2025-06-11 01:13:43 configure libjpeg-dev:amd64 1:2.1.5-2 <none>
2025-06-11 01:13:43 status unpacked libjpeg-dev:amd64 1:2.1.5-2
2025-06-11 01:13:43 status half-configured libjpeg-dev:amd64 1:2.1.5-2
2025-06-11 01:13:43 status installed libjpeg-dev:amd64 1:2.1.5-2
2025-06-11 01:13:43 configure libdjvulibre-dev:amd64 3.5.28-2+b1 <none>
2025-06-11 01:13:43 status unpacked libdjvulibre-dev:amd64 3.5.28-2+b1
2025-06-11 01:13:43 status half-configured libdjvulibre-dev:amd64 3.5.28-2+b1
2025-06-11 01:13:43 status installed libdjvulibre-dev:amd64 3.5.28-2+b1
2025-06-11 01:13:43 configure gcc:amd64 4:12.2.0-3 <none>
2025-06-11 01:13:43 status unpacked gcc:amd64 4:12.2.0-3
2025-06-11 01:13:43 status half-configured gcc:amd64 4:12.2.0-3
2025-06-11 01:13:43 status installed gcc:amd64 4:12.2.0-3
2025-06-11 01:13:43 configure libfreetype-dev:amd64 2.12.1+dfsg-5+deb12u4 <none>
2025-06-11 01:13:43 status unpacked libfreetype-dev:amd64 2.12.1+dfsg-5+deb12u4
2025-06-11 01:13:43 status half-configured libfreetype-dev:amd64 2.12.1+dfsg-5+deb12u4
2025-06-11 01:13:43 status installed libfreetype-dev:amd64 2.12.1+dfsg-5+deb12u4
2025-06-11 01:13:43 configure librsvg2-2:amd64 2.54.7+dfsg-1~deb12u1 <none>
2025-06-11 01:13:43 status unpacked librsvg2-2:amd64 2.54.7+dfsg-1~deb12u1
2025-06-11 01:13:43 status half-configured librsvg2-2:amd64 2.54.7+dfsg-1~deb12u1
2025-06-11 01:13:43 status installed librsvg2-2:amd64 2.54.7+dfsg-1~deb12u1
2025-06-11 01:13:43 configure libkrb5-dev:amd64 1.20.1-2+deb12u3 <none>
2025-06-11 01:13:43 status unpacked libkrb5-dev:amd64 1.20.1-2+deb12u3
2025-06-11 01:13:43 status half-configured libkrb5-dev:amd64 1.20.1-2+deb12u3
2025-06-11 01:13:43 status installed libkrb5-dev:amd64 1.20.1-2+deb12u3
2025-06-11 01:13:43 configure libwmf-dev:amd64 0.2.12-5.1 <none>
2025-06-11 01:13:43 status unpacked libwmf-dev:amd64 0.2.12-5.1
2025-06-11 01:13:43 status half-configured libwmf-dev:amd64 0.2.12-5.1
2025-06-11 01:13:43 status installed libwmf-dev:amd64 0.2.12-5.1
2025-06-11 01:13:43 configure libopenexr-dev:amd64 3.1.5-5 <none>
2025-06-11 01:13:43 status unpacked libopenexr-dev:amd64 3.1.5-5
2025-06-11 01:13:43 status half-configured libopenexr-dev:amd64 3.1.5-5
2025-06-11 01:13:43 status installed libopenexr-dev:amd64 3.1.5-5
2025-06-11 01:13:43 configure libtiff-dev:amd64 4.5.0-6+deb12u2 <none>
2025-06-11 01:13:43 status unpacked libtiff-dev:amd64 4.5.0-6+deb12u2
2025-06-11 01:13:43 status half-configured libtiff-dev:amd64 4.5.0-6+deb12u2
2025-06-11 01:13:43 status installed libtiff-dev:amd64 4.5.0-6+deb12u2
2025-06-11 01:13:43 configure libxt-dev:amd64 1:1.2.1-1.1 <none>
2025-06-11 01:13:43 status unpacked libxt-dev:amd64 1:1.2.1-1.1
2025-06-11 01:13:43 status half-configured libxt-dev:amd64 1:1.2.1-1.1
2025-06-11 01:13:43 status installed libxt-dev:amd64 1:1.2.1-1.1
2025-06-11 01:13:43 configure librsvg2-common:amd64 2.54.7+dfsg-1~deb12u1 <none>
2025-06-11 01:13:43 status unpacked librsvg2-common:amd64 2.54.7+dfsg-1~deb12u1
2025-06-11 01:13:43 status half-configured librsvg2-common:amd64 2.54.7+dfsg-1~deb12u1
2025-06-11 01:13:43 status installed librsvg2-common:amd64 2.54.7+dfsg-1~deb12u1
2025-06-11 01:13:43 status triggers-pending libgdk-pixbuf-2.0-0:amd64 2.42.10+dfsg-1+deb12u1
2025-06-11 01:13:43 configure libmariadb-dev:amd64 1:10.11.11-0+deb12u1 <none>
2025-06-11 01:13:43 status unpacked libmariadb-dev:amd64 1:10.11.11-0+deb12u1
2025-06-11 01:13:43 status half-configured libmariadb-dev:amd64 1:10.11.11-0+deb12u1
2025-06-11 01:13:43 status installed libmariadb-dev:amd64 1:10.11.11-0+deb12u1
2025-06-11 01:13:43 configure imagemagick-6.q16:amd64 8:6.9.11.60+dfsg-1.6+deb12u3 <none>
2025-06-11 01:13:43 status unpacked imagemagick-6.q16:amd64 8:6.9.11.60+dfsg-1.6+deb12u3
2025-06-11 01:13:43 status half-configured imagemagick-6.q16:amd64 8:6.9.11.60+dfsg-1.6+deb12u3
2025-06-11 01:13:43 status installed imagemagick-6.q16:amd64 8:6.9.11.60+dfsg-1.6+deb12u3
2025-06-11 01:13:43 configure g++:amd64 4:12.2.0-3 <none>
2025-06-11 01:13:43 status unpacked g++:amd64 4:12.2.0-3
2025-06-11 01:13:43 status half-configured g++:amd64 4:12.2.0-3
2025-06-11 01:13:43 status installed g++:amd64 4:12.2.0-3
2025-06-11 01:13:43 configure gir1.2-rsvg-2.0:amd64 2.54.7+dfsg-1~deb12u1 <none>
2025-06-11 01:13:43 status unpacked gir1.2-rsvg-2.0:amd64 2.54.7+dfsg-1~deb12u1
2025-06-11 01:13:43 status half-configured gir1.2-rsvg-2.0:amd64 2.54.7+dfsg-1~deb12u1
2025-06-11 01:13:43 status installed gir1.2-rsvg-2.0:amd64 2.54.7+dfsg-1~deb12u1
2025-06-11 01:13:43 configure libmount-dev:amd64 2.38.1-5+deb12u3 <none>
2025-06-11 01:13:43 status unpacked libmount-dev:amd64 2.38.1-5+deb12u3
2025-06-11 01:13:43 status half-configured libmount-dev:amd64 2.38.1-5+deb12u3
2025-06-11 01:13:43 status installed libmount-dev:amd64 2.38.1-5+deb12u3
2025-06-11 01:13:43 configure libmariadb-dev-compat:amd64 1:10.11.11-0+deb12u1 <none>
2025-06-11 01:13:43 status unpacked libmariadb-dev-compat:amd64 1:10.11.11-0+deb12u1
2025-06-11 01:13:43 status half-configured libmariadb-dev-compat:amd64 1:10.11.11-0+deb12u1
2025-06-11 01:13:43 status installed libmariadb-dev-compat:amd64 1:10.11.11-0+deb12u1
2025-06-11 01:13:43 configure libfontconfig-dev:amd64 2.14.1-4 <none>
2025-06-11 01:13:43 status unpacked libfontconfig-dev:amd64 2.14.1-4
2025-06-11 01:13:43 status half-configured libfontconfig-dev:amd64 2.14.1-4
2025-06-11 01:13:43 status installed libfontconfig-dev:amd64 2.14.1-4
2025-06-11 01:13:43 configure libfreetype6-dev:amd64 2.12.1+dfsg-5+deb12u4 <none>
2025-06-11 01:13:43 status unpacked libfreetype6-dev:amd64 2.12.1+dfsg-5+deb12u4
2025-06-11 01:13:43 status half-configured libfreetype6-dev:amd64 2.12.1+dfsg-5+deb12u4
2025-06-11 01:13:43 status installed libfreetype6-dev:amd64 2.12.1+dfsg-5+deb12u4
2025-06-11 01:13:43 configure libglib2.0-dev:amd64 2.74.6-2+deb12u6 <none>
2025-06-11 01:13:43 status unpacked libglib2.0-dev:amd64 2.74.6-2+deb12u6
2025-06-11 01:13:43 status half-configured libglib2.0-dev:amd64 2.74.6-2+deb12u6
2025-06-11 01:13:43 status installed libglib2.0-dev:amd64 2.74.6-2+deb12u6
2025-06-11 01:13:43 configure imagemagick:amd64 8:6.9.11.60+dfsg-1.6+deb12u3 <none>
2025-06-11 01:13:43 status unpacked imagemagick:amd64 8:6.9.11.60+dfsg-1.6+deb12u3
2025-06-11 01:13:43 status half-configured imagemagick:amd64 8:6.9.11.60+dfsg-1.6+deb12u3
2025-06-11 01:13:43 status installed imagemagick:amd64 8:6.9.11.60+dfsg-1.6+deb12u3
2025-06-11 01:13:43 configure libcairo2-dev:amd64 1.16.0-7 <none>
2025-06-11 01:13:43 status unpacked libcairo2-dev:amd64 1.16.0-7
2025-06-11 01:13:43 status half-configured libcairo2-dev:amd64 1.16.0-7
2025-06-11 01:13:43 status installed libcairo2-dev:amd64 1.16.0-7
2025-06-11 01:13:43 configure default-libmysqlclient-dev:amd64 1.1.0 <none>
2025-06-11 01:13:43 status unpacked default-libmysqlclient-dev:amd64 1.1.0
2025-06-11 01:13:43 status half-configured default-libmysqlclient-dev:amd64 1.1.0
2025-06-11 01:13:43 status installed default-libmysqlclient-dev:amd64 1.1.0
2025-06-11 01:13:43 configure libgdk-pixbuf-2.0-dev:amd64 2.42.10+dfsg-1+deb12u1 <none>
2025-06-11 01:13:43 status unpacked libgdk-pixbuf-2.0-dev:amd64 2.42.10+dfsg-1+deb12u1
2025-06-11 01:13:43 status half-configured libgdk-pixbuf-2.0-dev:amd64 2.42.10+dfsg-1+deb12u1
2025-06-11 01:13:43 status installed libgdk-pixbuf-2.0-dev:amd64 2.42.10+dfsg-1+deb12u1
2025-06-11 01:13:43 configure librsvg2-dev:amd64 2.54.7+dfsg-1~deb12u1 <none>
2025-06-11 01:13:43 status unpacked librsvg2-dev:amd64 2.54.7+dfsg-1~deb12u1
2025-06-11 01:13:43 status half-configured librsvg2-dev:amd64 2.54.7+dfsg-1~deb12u1
2025-06-11 01:13:43 status installed librsvg2-dev:amd64 2.54.7+dfsg-1~deb12u1
2025-06-11 01:13:43 configure libmagickcore-6.q16-dev:amd64 8:6.9.11.60+dfsg-1.6+deb12u3 <none>
2025-06-11 01:13:43 status unpacked libmagickcore-6.q16-dev:amd64 8:6.9.11.60+dfsg-1.6+deb12u3
2025-06-11 01:13:43 status half-configured libmagickcore-6.q16-dev:amd64 8:6.9.11.60+dfsg-1.6+deb12u3
2025-06-11 01:13:43 status installed libmagickcore-6.q16-dev:amd64 8:6.9.11.60+dfsg-1.6+deb12u3
2025-06-11 01:13:43 configure libmagickwand-6.q16-dev:amd64 8:6.9.11.60+dfsg-1.6+deb12u3 <none>
2025-06-11 01:13:43 status unpacked libmagickwand-6.q16-dev:amd64 8:6.9.11.60+dfsg-1.6+deb12u3
2025-06-11 01:13:43 status half-configured libmagickwand-6.q16-dev:amd64 8:6.9.11.60+dfsg-1.6+deb12u3
2025-06-11 01:13:43 status installed libmagickwand-6.q16-dev:amd64 8:6.9.11.60+dfsg-1.6+deb12u3
2025-06-11 01:13:43 configure libmagickcore-dev:all 8:6.9.11.60+dfsg-1.6+deb12u3 <none>
2025-06-11 01:13:43 status unpacked libmagickcore-dev:all 8:6.9.11.60+dfsg-1.6+deb12u3
2025-06-11 01:13:43 status half-configured libmagickcore-dev:all 8:6.9.11.60+dfsg-1.6+deb12u3
2025-06-11 01:13:43 status installed libmagickcore-dev:all 8:6.9.11.60+dfsg-1.6+deb12u3
2025-06-11 01:13:43 configure libmagickwand-dev:all 8:6.9.11.60+dfsg-1.6+deb12u3 <none>
2025-06-11 01:13:43 status unpacked libmagickwand-dev:all 8:6.9.11.60+dfsg-1.6+deb12u3
2025-06-11 01:13:43 status half-configured libmagickwand-dev:all 8:6.9.11.60+dfsg-1.6+deb12u3
2025-06-11 01:13:43 status installed libmagickwand-dev:all 8:6.9.11.60+dfsg-1.6+deb12u3
2025-06-11 01:13:43 trigproc libc-bin:amd64 2.36-9+deb12u10 <none>
2025-06-11 01:13:43 status half-configured libc-bin:amd64 2.36-9+deb12u10
2025-06-11 01:13:43 status installed libc-bin:amd64 2.36-9+deb12u10
2025-06-11 01:13:43 trigproc libgdk-pixbuf-2.0-0:amd64 2.42.10+dfsg-1+deb12u1 <none>
2025-06-11 01:13:43 status half-configured libgdk-pixbuf-2.0-0:amd64 2.42.10+dfsg-1+deb12u1
2025-06-11 01:13:43 status installed libgdk-pixbuf-2.0-0:amd64 2.42.10+dfsg-1+deb12u1
